Nr;Name;Wahlberechtigte;abgegeben;Wahlbeteiligung;gültig Erststimme;ungültig Erststimme;gültig Zweitstimme;ungültig Zweitstimme;CDU;CDU_Proz;Z_CDU;Z_CDU_Proz;SPD;SPD_Proz;Z_SPD;Z_SPD_Proz;GRÜNE;GRÜNE_Proz;Z_GRÜNE;Z_GRÜNE_Proz;DIE LINKE;DIE LINKE_Proz;Z_DIE LINKE;Z_DIE LINKE_Proz;FDP;FDP_Proz;Z_FDP;Z_FDP_Proz;AfD;AfD_Proz;Z_AfD;Z_AfD_Proz;PIRATEN;PIRATEN_Proz;Z_PIRATEN;Z_PIRATEN_Proz;NPD;NPD_Proz;Z_NPD;Z_NPD_Proz;Die PARTEI;Die PARTEI_Proz;Z_Die PARTEI;Z_Die PARTEI_Proz;FREIE WÄHLER;FREIE WÄHLER_Proz;Z_FREIE WÄHLER;Z_FREIE WÄHLER_Proz;Volksabstimmung;Volksabstimmung_Proz;Z_Volksabstimmung;Z_Volksabstimmung_Proz;ÖDP;ÖDP_Proz;Z_ÖDP;Z_ÖDP_Proz;MLPD;MLPD_Proz;Z_MLPD;Z_MLPD_Proz;SGP;SGP_Proz;Z_SGP;Z_SGP_Proz;Allianz Deutscher Demokraten;Allianz Deutscher Demokraten_Proz;Z_Allianz Deutscher Demokraten;Z_Allianz Deutscher Demokraten_Proz;BGE;BGE_Proz;Z_BGE;Z_BGE_Proz;DiB;DiB_Proz;Z_DiB;Z_DiB_Proz;DKP;DKP_Proz;Z_DKP;Z_DKP_Proz;DM;DM_Proz;Z_DM;Z_DM_Proz;Die Humanisten;Die Humanisten_Proz;Z_Die Humanisten;Z_Die Humanisten_Proz;Gesundheitsforschung;Gesundheitsforschung_Proz;Z_Gesundheitsforschung;Z_Gesundheitsforschung_Proz;Tierschutzpartei;Tierschutzpartei_Proz;Z_Tierschutzpartei;Z_Tierschutzpartei_Proz;V-Partei³;V-Partei³_Proz;Z_V-Partei³;Z_V-Partei³_Proz
001.1;Stimmbezirk 001.1;1231;604;49,07;599;5;600;4;132;22,04;127;21,17;192;32,05;124;20,67;79;13,19;97;16,17;80;13,36;88;14,67;58;9,68;90;15;36;6,01;35;5,83;0;0;7;1,17;0;0;1;0,17;20;3,34;18;3;0;0;0;0;0;0;0;0;0;0;1;0,17;2;0,33;2;0,33;0;0;0;0;0;0;0;0;0;0;1;0,17;0;0;1;0,17;0;0;0;0;0;0;2;0,33;0;0;1;0,17;0;0;0;0;0;0;2;0,33;0;0;3;0,5
001.2;Stimmbezirk 001.2;1394;701;50,29;699;2;700;1;226;32,33;168;24;188;26,9;111;15,86;88;12,59;108;15,43;73;10,44;107;15,29;65;9,3;136;19,43;27;3,86;30;4,29;0;0;1;0,14;0;0;1;0,14;32;4,58;20;2,86;0;0;0;0;0;0;0;0;0;0;0;0;0;0;0;0;0;0;0;0;0;0;2;0,29;0;0;2;0,29;0;0;0;0;0;0;0;0;0;0;2;0,29;0;0;3;0,43;0;0;0;0;0;0;6;0,86;0;0;3;0,43
001.3;Stimmbezirk 001.3;1440;626;43,47;614;12;620;6;116;18,89;96;15,48;156;25,41;111;17,9;71;11,56;75;12,1;142;23,13;158;25,48;54;8,79;80;12,9;42;6,84;43;6,94;0;0;8;1,29;0;0;1;0,16;33;5,37;21;3,39;0;0;2;0,32;0;0;0;0;0;0;3;0,48;0;0;0;0;0;0;0;0;0;0;7;1,13;0;0;2;0,32;0;0;1;0,16;0;0;0;0;0;0;2;0,32;0;0;1;0,16;0;0;0;0;0;0;8;1,29;0;0;1;0,16
001.4;Stimmbezirk 001.4;1185;546;46,08;536;10;540;6;83;15,49;90;16,67;191;35,63;136;25,19;81;15,11;91;16,85;81;15,11;97;17,96;34;6,34;48;8,89;34;6,34;32;5,93;0;0;3;0,56;0;0;0;0;29;5,41;14;2,59;0;0;1;0,19;0;0;1;0,19;0;0;0;0;3;0,56;2;0,37;0;0;0;0;0;0;10;1,85;0;0;1;0,19;0;0;4;0,74;0;0;0;0;0;0;1;0,19;0;0;0;0;0;0;0;0;0;0;6;1,11;0;0;3;0,56
001.5;Stimmbezirk 001.5;1513;693;45,8;687;6;689;4;125;18,2;109;15,82;238;34,64;155;22,5;93;13,54;121;17,56;130;18,92;148;21,48;43;6,26;67;9,72;31;4,51;42;6,1;0;0;5;0,73;0;0;0;0;26;3,78;20;2,9;0;0;1;0,15;0;0;1;0,15;0;0;3;0,44;1;0,15;0;0;0;0;0;0;0;0;3;0,44;0;0;2;0,29;0;0;2;0,29;0;0;0;0;0;0;1;0,15;0;0;0;0;0;0;1;0,15;0;0;5;0,73;0;0;3;0,44
001.6;Stimmbezirk 001.6;1363;586;42,99;582;4;583;3;124;21,31;100;17,15;214;36,77;129;22,13;76;13,06;100;17,15;89;15,29;118;20,24;33;5,67;69;11,84;21;3,61;29;4,97;0;0;5;0,86;0;0;1;0,17;25;4,3;16;2,74;0;0;2;0,34;0;0;0;0;0;0;2;0,34;0;0;0;0;0;0;0;0;0;0;0;0;0;0;5;0,86;0;0;1;0,17;0;0;1;0,17;0;0;1;0,17;0;0;1;0,17;0;0;0;0;0;0;2;0,34;0;0;1;0,17
002.1;Stimmbezirk 002.1;1539;759;49,32;751;8;753;6;185;24,63;171;22,71;261;34,75;139;18,46;108;14,38;144;19,12;97;12,92;139;18,46;59;7,86;106;14,08;21;2,8;24;3,19;0;0;3;0,4;0;0;0;0;16;2,13;8;1,06;0;0;0;0;0;0;1;0,13;0;0;0;0;4;0,53;2;0,27;0;0;0;0;0;0;1;0,13;0;0;3;0,4;0;0;2;0,27;0;0;1;0,13;0;0;1;0,13;0;0;0;0;0;0;0;0;0;0;3;0,4;0;0;5;0,66
002.2;Stimmbezirk 002.2;1348;678;50,3;677;1;678;0;172;25,41;154;22,71;199;29,39;112;16,52;123;18,17;148;21,83;80;11,82;107;15,78;55;8,12;92;13,57;39;5,76;40;5,9;0;0;4;0,59;0;0;1;0,15;9;1,33;6;0,88;0;0;0;0;0;0;1;0,15;0;0;0;0;0;0;0;0;0;0;0;0;0;0;1;0,15;0;0;1;0,15;0;0;5;0,74;0;0;0;0;0;0;2;0,29;0;0;0;0;0;0;0;0;0;0;4;0,59;0;0;0;0
002.3;Stimmbezirk 002.3;1300;644;49,54;640;4;641;3;138;21,56;114;17,78;210;32,81;127;19,81;109;17,03;147;22,93;95;14,84;115;17,94;48;7,5;77;12,01;28;4,38;31;4,84;0;0;4;0,62;0;0;1;0,16;11;1,72;14;2,18;0;0;0;0;0;0;0;0;0;0;0;0;1;0,16;0;0;0;0;0;0;0;0;0;0;0;0;3;0,47;0;0;0;0;0;0;0;0;0;0;1;0,16;0;0;1;0,16;0;0;0;0;0;0;5;0,78;0;0;1;0,16
002.4;Stimmbezirk 002.4;1404;750;53,42;742;8;743;7;183;24,66;157;21,13;269;36,25;215;28,94;76;10,24;82;11,04;93;12,53;121;16,29;30;4,04;51;6,86;69;9,3;80;10,77;0;0;7;0,94;0;0;1;0,13;20;2,7;10;1,35;0;0;2;0,27;0;0;1;0,13;0;0;0;0;2;0,27;0;0;0;0;0;0;0;0;5;0,67;0;0;0;0;0;0;1;0,13;0;0;2;0,27;0;0;0;0;0;0;2;0,27;0;0;1;0,13;0;0;4;0,54;0;0;1;0,13
002.5;Stimmbezirk 002.5;1135;623;54,89;618;5;619;4;133;21,52;124;20,03;252;40,78;204;32,96;70;11,33;79;12,76;77;12,46;97;15,67;25;4,05;42;6,79;43;6,96;43;6,95;0;0;5;0,81;0;0;0;0;17;2,75;9;1,45;0;0;0;0;0;0;2;0,32;0;0;0;0;1;0,16;0;0;0;0;1;0,16;0;0;7;1,13;0;0;1;0,16;0;0;2;0,32;0;0;0;0;0;0;0;0;0;0;0;0;0;0;0;0;0;0;3;0,48;0;0;0;0
002.6;Stimmbezirk 002.6;1348;705;52,3;695;10;702;3;213;30,65;169;24,07;248;35,68;166;23,65;81;11,65;102;14,53;54;7,77;78;11,11;48;6,91;100;14,25;42;6,04;49;6,98;0;0;3;0,43;0;0;2;0,28;9;1,29;12;1,71;0;0;1;0,14;0;0;0;0;0;0;3;0,43;0;0;0;0;0;0;0;0;0;0;10;1,42;0;0;1;0,14;0;0;3;0,43;0;0;0;0;0;0;0;0;0;0;0;0;0;0;0;0;0;0;3;0,43;0;0;0;0
003.1;Stimmbezirk 003.1;1344;795;59,15;789;6;795;0;143;18,12;126;15,85;264;33,46;170;21,38;132;16,73;152;19,12;140;17,74;194;24,4;47;5,96;78;9,81;40;5,07;41;5,16;0;0;3;0,38;0;0;1;0,13;23;2,92;16;2,01;0;0;1;0,13;0;0;0;0;0;0;0;0;0;0;0;0;0;0;0;0;0;0;0;0;0;0;1;0,13;0;0;0;0;0;0;0;0;0;0;1;0,13;0;0;2;0,25;0;0;0;0;0;0;7;0,88;0;0;2;0,25
003.2;Stimmbezirk 003.2;1324;726;54,83;722;4;723;3;138;19,11;143;19,78;264;36,57;168;23,24;84;11,63;113;15,63;136;18,84;158;21,85;39;5,4;54;7,47;42;5,82;55;7,61;0;0;9;1,24;0;0;0;0;19;2,63;7;0,97;0;0;0;0;0;0;0;0;0;0;1;0,14;0;0;0;0;0;0;0;0;0;0;4;0,55;0;0;2;0,28;0;0;3;0,41;0;0;0;0;0;0;1;0,14;0;0;0;0;0;0;1;0,14;0;0;4;0,55;0;0;0;0
003.3;Stimmbezirk 003.3;1493;841;56,33;838;3;838;3;246;29,36;197;23,51;252;30,07;158;18,85;105;12,53;159;18,97;122;14,56;146;17,42;52;6,21;96;11,46;34;4,06;35;4,18;0;0;9;1,07;0;0;1;0,12;24;2,86;14;1,67;0;0;2;0,24;0;0;0;0;0;0;2;0,24;3;0,36;3;0,36;0;0;0;0;0;0;1;0,12;0;0;3;0,36;0;0;2;0,24;0;0;0;0;0;0;1;0,12;0;0;0;0;0;0;0;0;0;0;8;0,95;0;0;1;0,12
003.4;Stimmbezirk 003.4;1441;799;55,45;789;10;792;7;159;20,15;164;20,71;344;43,6;258;32,58;86;10,9;102;12,88;82;10,39;101;12,75;40;5,07;58;7,32;57;7,22;63;7,95;0;0;5;0,63;0;0;2;0,25;19;2,41;14;1,77;0;0;5;0,63;0;0;0;0;0;0;2;0,25;2;0,25;1;0,13;0;0;0;0;0;0;5;0,63;0;0;2;0,25;0;0;3;0,38;0;0;0;0;0;0;2;0,25;0;0;0;0;0;0;1;0,13;0;0;4;0,51;0;0;0;0
003.5;Stimmbezirk 003.5;1263;713;56,45;704;9;708;5;180;25,57;169;23,87;255;36,22;183;25,85;70;9,94;80;11,3;84;11,93;113;15,96;41;5,82;70;9,89;61;8,66;67;9,46;0;0;3;0,42;0;0;0;0;9;1,28;7;0,99;0;0;0;0;0;0;0;0;0;0;2;0,28;4;0,57;1;0,14;0;0;0;0;0;0;1;0,14;0;0;2;0,28;0;0;0;0;0;0;0;0;0;0;0;0;0;0;0;0;0;0;0;0;0;0;7;0,99;0;0;3;0,42
004.1;Stimmbezirk 004.1;1660;816;49,16;794;22;807;9;135;17;120;14,87;262;33;171;21,19;108;13,6;121;14,99;153;19,27;193;23,92;58;7,3;83;10,29;43;5,42;49;6,07;0;0;13;1,61;0;0;2;0,25;32;4,03;26;3,22;0;0;3;0,37;0;0;0;0;0;0;2;0,25;3;0,38;0;0;0;0;0;0;0;0;11;1,36;0;0;2;0,25;0;0;2;0,25;0;0;2;0,25;0;0;0;0;0;0;0;0;0;0;2;0,25;0;0;4;0,5;0;0;1;0,12
004.2;Stimmbezirk 004.2;1361;701;51,51;694;7;697;4;125;18,01;108;15,49;259;37,32;157;22,53;94;13,54;133;19,08;133;19,16;168;24,1;38;5,48;64;9,18;26;3,75;30;4,3;0;0;3;0,43;0;0;0;0;18;2,59;12;1,72;0;0;1;0,14;0;0;0;0;0;0;2;0,29;1;0,14;0;0;0;0;0;0;0;0;5;0,72;0;0;2;0,29;0;0;3;0,43;0;0;2;0,29;0;0;3;0,43;0;0;0;0;0;0;0;0;0;0;1;0,14;0;0;3;0,43
004.3;Stimmbezirk 004.3;1142;526;46,06;517;9;523;3;92;17,79;79;15,11;183;35,4;143;27,34;59;11,41;61;11,66;112;21,66;126;24,09;19;3,68;34;6,5;38;7,35;46;8,8;0;0;4;0,76;0;0;0;0;14;2,71;10;1,91;0;0;3;0,57;0;0;1;0,19;0;0;3;0,57;0;0;0;0;0;0;0;0;0;0;3;0,57;0;0;2;0,38;0;0;1;0,19;0;0;0;0;0;0;1;0,19;0;0;0;0;0;0;1;0,19;0;0;3;0,57;0;0;2;0,38
004.4;Stimmbezirk 004.4;896;469;52,34;465;4;468;1;98;21,08;92;19,66;170;36,56;113;24,15;41;8,82;60;12,82;64;13,76;77;16,45;33;7,1;48;10,26;41;8,82;44;9,4;0;0;2;0,43;0;0;2;0,43;14;3,01;9;1,92;0;0;2;0,43;0;0;0;0;0;0;0;0;4;0,86;2;0,43;0;0;0;0;0;0;1;0,21;0;0;0;0;0;0;4;0,85;0;0;0;0;0;0;1;0,21;0;0;3;0,64;0;0;0;0;0;0;5;1,07;0;0;3;0,64
004.5;Stimmbezirk 004.5;1395;775;55,56;766;9;769;6;170;22,19;140;18,21;255;33,29;198;25,75;101;13,19;104;13,52;83;10,84;119;15,47;46;6,01;80;10,4;87;11,36;84;10,92;0;0;8;1,04;0;0;2;0,26;18;2,35;7;0,91;0;0;3;0,39;0;0;1;0,13;0;0;2;0,26;6;0,78;2;0,26;0;0;0;0;0;0;9;1,17;0;0;1;0,13;0;0;1;0,13;0;0;1;0,13;0;0;1;0,13;0;0;0;0;0;0;0;0;0;0;4;0,52;0;0;2;0,26
005.1;Stimmbezirk 005.1;1371;741;54,05;727;14;731;10;186;25,58;181;24,76;262;36,04;217;29,69;48;6,6;43;5,88;83;11,42;91;12,45;41;5,64;58;7,93;87;11,97;97;13,27;0;0;4;0,55;0;0;1;0,14;18;2,48;15;2,05;0;0;2;0,27;0;0;0;0;0;0;0;0;2;0,28;0;0;0;0;0;0;0;0;6;0,82;0;0;1;0,14;0;0;2;0,27;0;0;0;0;0;0;0;0;0;0;2;0,27;0;0;1;0,14;0;0;9;1,23;0;0;1;0,14
005.2;Stimmbezirk 005.2;1404;735;52,35;730;5;731;4;196;26,85;177;24,21;249;34,11;185;25,31;68;9,32;83;11,35;78;10,68;98;13,41;44;6,03;62;8,48;75;10,27;89;12,18;0;0;7;0,96;0;0;0;0;16;2,19;9;1,23;0;0;1;0,14;0;0;0;0;0;0;2;0,27;4;0,55;3;0,41;0;0;1;0,14;0;0;1;0,14;0;0;2;0,27;0;0;1;0,14;0;0;0;0;0;0;4;0,55;0;0;0;0;0;0;0;0;0;0;4;0,55;0;0;2;0,27
005.3;Stimmbezirk 005.3;1214;616;50,74;605;11;601;15;147;24,3;133;22,13;209;34,55;169;28,12;35;5,79;41;6,82;79;13,06;100;16,64;47;7,77;60;9,98;83;13,72;82;13,64;0;0;1;0,17;0;0;0;0;4;0,66;4;0,67;0;0;1;0,17;0;0;1;0,17;0;0;0;0;1;0,17;1;0,17;0;0;0;0;0;0;2;0,33;0;0;1;0,17;0;0;1;0,17;0;0;0;0;0;0;0;0;0;0;0;0;0;0;0;0;0;0;4;0,67;0;0;0;0
005.4;Stimmbezirk 005.4;1278;620;48,51;613;7;616;4;136;22,19;144;23,38;229;37,36;172;27,92;60;9,79;46;7,47;65;10,6;97;15,75;34;5,55;46;7,47;73;11,91;73;11,85;0;0;6;0,97;0;0;3;0,49;14;2,28;7;1,14;0;0;0;0;0;0;0;0;0;0;1;0,16;2;0,33;1;0,16;0;0;0;0;0;0;10;1,62;0;0;1;0,16;0;0;2;0,32;0;0;0;0;0;0;0;0;0;0;1;0,16;0;0;0;0;0;0;6;0,97;0;0;0;0
005.5;Stimmbezirk 005.5;1164;602;51,72;591;11;593;9;149;25,21;141;23,78;206;34,86;187;31,53;45;7,61;41;6,91;84;14,21;84;14,17;25;4,23;40;6,75;63;10,66;66;11,13;0;0;4;0,67;0;0;5;0,84;14;2,37;5;0,84;0;0;0;0;0;0;0;0;0;0;1;0,17;5;0,85;3;0,51;0;0;0;0;0;0;5;0,84;0;0;1;0,17;0;0;0;0;0;0;0;0;0;0;2;0,34;0;0;0;0;0;0;1;0,17;0;0;6;1,01;0;0;1;0,17
006.1;Stimmbezirk 006.1;1105;540;48,87;524;16;520;20;141;26,91;119;22,88;183;34,92;153;29,42;33;6,3;42;8,08;60;11,45;59;11,35;31;5,92;36;6,92;63;12,02;66;12,69;0;0;7;1,35;0;0;0;0;11;2,1;12;2,31;0;0;2;0,38;0;0;1;0,19;0;0;0;0;2;0,38;0;0;0;0;0;0;0;0;14;2,69;0;0;0;0;0;0;0;0;0;0;0;0;0;0;2;0,38;0;0;0;0;0;0;1;0,19;0;0;3;0,58;0;0;3;0,58
006.2;Stimmbezirk 006.2;1444;752;52,08;745;7;744;8;154;20,67;138;18,55;285;38,26;205;27,55;71;9,53;91;12,23;86;11,54;108;14,52;52;6,98;77;10,35;73;9,8;74;9,95;0;0;6;0,81;0;0;2;0,27;22;2,95;12;1,61;0;0;1;0,13;0;0;0;0;0;0;0;0;2;0,27;2;0,27;0;0;0;0;0;0;10;1,34;0;0;1;0,13;0;0;2;0,27;0;0;1;0,13;0;0;3;0,4;0;0;1;0,13;0;0;2;0,27;0;0;8;1,08;0;0;0;0
006.3;Stimmbezirk 006.3;1468;738;50,27;728;10;734;4;148;20,33;136;18,53;299;41,07;241;32,83;51;7,01;51;6,95;90;12,36;116;15,8;49;6,73;66;8,99;74;10,16;82;11,17;0;0;5;0,68;0;0;1;0,14;16;2,2;9;1,23;0;0;3;0,41;0;0;1;0,14;0;0;2;0,27;1;0,14;1;0,14;0;0;0;0;0;0;8;1,09;0;0;0;0;0;0;1;0,14;0;0;0;0;0;0;0;0;0;0;0;0;0;0;0;0;0;0;8;1,09;0;0;3;0,41
006.4;Stimmbezirk 006.4;1399;630;45,03;618;12;618;12;121;19,58;112;18,12;268;43,37;198;32,04;48;7,77;82;13,27;80;12,94;98;15,86;31;5,02;40;6,47;51;8,25;62;10,03;0;0;4;0,65;0;0;0;0;19;3,07;13;2,1;0;0;0;0;0;0;0;0;0;0;0;0;0;0;0;0;0;0;0;0;0;0;2;0,32;0;0;0;0;0;0;2;0,32;0;0;0;0;0;0;1;0,16;0;0;0;0;0;0;0;0;0;0;2;0,32;0;0;2;0,32
007.1;Stimmbezirk 007.1;1724;935;54,23;919;16;928;7;191;20,78;173;18,64;352;38,3;207;22,31;137;14,91;211;22,74;130;14,15;175;18,86;47;5,11;83;8,94;37;4,03;43;4,63;0;0;5;0,54;0;0;0;0;23;2,5;10;1,08;0;0;1;0,11;0;0;0;0;0;0;0;0;2;0,22;2;0,22;0;0;0;0;0;0;4;0,43;0;0;3;0,32;0;0;5;0,54;0;0;0;0;0;0;1;0,11;0;0;1;0,11;0;0;0;0;0;0;4;0,43;0;0;0;0
007.2;Stimmbezirk 007.2;1473;728;49,42;717;11;723;5;127;17,71;116;16,04;264;36,82;168;23,24;105;14,64;116;16,04;108;15,06;165;22,82;32;4,46;56;7,75;48;6,69;54;7,47;0;0;5;0,69;0;0;1;0,14;29;4,04;19;2,63;0;0;1;0,14;0;0;0;0;0;0;0;0;4;0,56;3;0,41;0;0;0;0;0;0;5;0,69;0;0;1;0,14;0;0;5;0,69;0;0;0;0;0;0;2;0,28;0;0;0;0;0;0;0;0;0;0;3;0,41;0;0;3;0,41
007.3;Stimmbezirk 007.3;1254;686;54,7;672;14;680;6;100;14,88;88;12,94;216;32,14;157;23,09;105;15,63;105;15,44;160;23,81;196;28,82;23;3,42;42;6,18;26;3,87;29;4,26;0;0;2;0,29;0;0;0;0;36;5,36;19;2,79;0;0;1;0,15;0;0;0;0;0;0;1;0,15;6;0,89;3;0,44;0;0;0;0;0;0;17;2,5;0;0;3;0,44;0;0;5;0,74;0;0;1;0,15;0;0;2;0,29;0;0;1;0,15;0;0;1;0,15;0;0;6;0,88;0;0;1;0,15
007.4;Stimmbezirk 007.4;970;471;48,56;464;7;467;4;73;15,73;62;13,28;164;35,34;110;23,55;67;14,44;78;16,7;97;20,91;122;26,12;16;3,45;31;6,64;25;5,39;25;5,35;0;0;4;0,86;0;0;1;0,21;21;4,53;19;4,07;0;0;2;0,43;0;0;0;0;0;0;0;0;1;0,22;0;0;0;0;0;0;0;0;2;0,43;0;0;4;0,86;0;0;1;0,21;0;0;0;0;0;0;2;0,43;0;0;0;0;0;0;0;0;0;0;3;0,64;0;0;1;0,21
007.5;Stimmbezirk 007.5;1123;506;45,06;499;7;501;5;93;18,64;80;15,97;208;41,68;157;31,34;33;6,61;59;11,78;70;14,03;81;16,17;24;4,81;46;9,18;49;9,82;45;8,98;0;0;3;0,6;0;0;3;0,6;21;4,21;12;2,4;0;0;2;0,4;0;0;1;0,2;0;0;0;0;1;0,2;0;0;0;0;0;0;0;0;4;0,8;0;0;0;0;0;0;0;0;0;0;0;0;0;0;0;0;0;0;0;0;0;0;1;0,2;0;0;6;1,2;0;0;1;0,2
008.1;Stimmbezirk 008.1;1396;766;54,87;763;3;764;2;159;20,84;146;19,11;270;35,39;150;19,63;140;18,35;176;23,04;94;12,32;144;18,85;45;5,9;76;9,95;27;3,54;39;5,1;0;0;0;0;0;0;0;0;26;3,41;14;1,83;0;0;3;0,39;0;0;0;0;0;0;1;0,13;2;0,26;0;0;0;0;0;0;0;0;0;0;0;0;3;0,39;0;0;0;0;0;0;1;0,13;0;0;0;0;0;0;1;0,13;0;0;1;0,13;0;0;6;0,79;0;0;3;0,39
008.2;Stimmbezirk 008.2;1473;780;52,95;780;0;780;0;198;25,38;171;21,92;240;30,77;133;17,05;149;19,1;179;22,95;87;11,15;122;15,64;56;7,18;118;15,13;29;3,72;35;4,49;0;0;1;0,13;0;0;0;0;18;2,31;12;1,54;0;0;0;0;0;0;0;0;0;0;0;0;3;0,38;0;0;0;0;0;0;0;0;1;0,13;0;0;0;0;0;0;3;0,38;0;0;0;0;0;0;0;0;0;0;2;0,26;0;0;0;0;0;0;3;0,38;0;0;0;0
008.3;Stimmbezirk 008.3;1510;870;57,62;868;2;869;1;118;13,59;127;14,61;296;34,1;179;20,6;187;21,54;195;22,44;172;19,82;226;26,01;26;3;52;5,98;31;3,57;28;3,22;0;0;11;1,27;0;0;1;0,12;31;3,57;27;3,11;0;0;2;0,23;0;0;0;0;0;0;0;0;7;0,81;3;0,35;0;0;2;0,23;0;0;1;0,12;0;0;4;0,46;0;0;2;0,23;0;0;0;0;0;0;0;0;0;0;1;0,12;0;0;0;0;0;0;8;0,92;0;0;0;0
008.4;Stimmbezirk 008.4;1550;855;55,16;841;14;848;7;162;19,26;146;17,22;282;33,53;192;22,64;171;20,33;180;21,23;136;16,17;178;20,99;38;4,52;79;9,32;29;3,45;36;4,25;0;0;2;0,24;0;0;0;0;23;2,73;17;2;0;0;0;0;0;0;0;0;0;0;0;0;0;0;1;0,12;0;0;0;0;0;0;10;1,18;0;0;1;0,12;0;0;2;0,24;0;0;0;0;0;0;0;0;0;0;0;0;0;0;0;0;0;0;3;0,35;0;0;1;0,12
008.5;Stimmbezirk 008.5;1520;882;58,03;874;8;877;5;227;25,97;192;21,89;258;29,52;154;17,56;147;16,82;191;21,78;108;12,36;145;16,53;66;7,55;120;13,68;28;3,2;34;3,88;0;0;2;0,23;0;0;1;0,11;38;4,35;27;3,08;0;0;0;0;0;0;0;0;0;0;1;0,11;2;0,23;0;0;0;0;0;0;0;0;3;0,34;0;0;1;0,11;0;0;0;0;0;0;0;0;0;0;0;0;0;0;1;0,11;0;0;0;0;0;0;4;0,46;0;0;1;0,11
009.1;Stimmbezirk 009.1;1506;621;41,24;612;9;614;7;140;22,88;119;19,38;205;33,5;137;22,31;78;12,75;91;14,82;88;14,38;111;18,08;46;7,52;80;13,03;32;5,23;38;6,19;0;0;3;0,49;0;0;0;0;22;3,59;15;2,44;0;0;1;0,16;0;0;0;0;0;0;2;0,33;1;0,16;0;0;0;0;0;0;0;0;7;1,14;0;0;0;0;0;0;1;0,16;0;0;1;0,16;0;0;1;0,16;0;0;1;0,16;0;0;1;0,16;0;0;5;0,81;0;0;0;0
009.2;Stimmbezirk 009.2;1496;737;49,26;734;3;734;3;165;22,48;144;19,62;253;34,47;187;25,48;98;13,35;117;15,94;106;14,44;125;17,03;46;6,27;72;9,81;42;5,72;44;5,99;0;0;4;0,54;0;0;1;0,14;18;2,45;16;2,18;0;0;2;0,27;0;0;0;0;0;0;0;0;6;0,82;3;0,41;0;0;0;0;0;0;5;0,68;0;0;4;0,54;0;0;1;0,14;0;0;0;0;0;0;1;0,14;0;0;2;0,27;0;0;0;0;0;0;4;0,54;0;0;2;0,27
009.3;Stimmbezirk 009.3;1457;726;49,83;724;2;722;4;208;28,73;200;27,7;264;36,46;170;23,55;84;11,6;99;13,71;67;9,25;103;14,27;41;5,66;76;10,53;46;6,35;48;6,65;0;0;4;0,55;0;0;0;0;13;1,8;7;0,97;0;0;1;0,14;0;0;0;0;0;0;1;0,14;1;0,14;0;0;0;0;0;0;0;0;1;0,14;0;0;0;0;0;0;3;0,42;0;0;0;0;0;0;0;0;0;0;0;0;0;0;2;0,28;0;0;6;0,83;0;0;1;0,14
009.4;Stimmbezirk 009.4;1461;818;55,99;813;5;811;7;182;22,39;173;21,33;317;38,99;226;27,87;114;14,02;142;17,51;98;12,05;120;14,8;45;5,54;66;8,14;41;5,04;49;6,04;0;0;2;0,25;0;0;1;0,12;15;1,85;12;1,48;0;0;1;0,12;0;0;2;0,25;0;0;2;0,25;1;0,12;0;0;0;0;2;0,25;0;0;1;0,12;0;0;3;0,37;0;0;1;0,12;0;0;0;0;0;0;0;0;0;0;2;0,25;0;0;0;0;0;0;4;0,49;0;0;2;0,25
009.5;Stimmbezirk 009.5;1518;848;55,86;838;10;838;10;185;22,08;151;18,02;346;41,29;231;27,57;103;12,29;158;18,85;91;10,86;152;18,14;47;5,61;76;9,07;40;4,77;43;5,13;0;0;4;0,48;0;0;0;0;25;2,98;13;1,55;0;0;0;0;0;0;1;0,12;0;0;0;0;1;0,12;0;0;0;0;0;0;0;0;4;0,48;0;0;0;0;0;0;2;0,24;0;0;0;0;0;0;0;0;0;0;1;0,12;0;0;0;0;0;0;2;0,24;0;0;0;0
010.1;Stimmbezirk 010.1;1593;839;52,67;835;4;834;5;206;24,67;191;22,9;338;40,48;250;29,98;77;9,22;104;12,47;84;10,06;106;12,71;48;5,75;73;8,75;65;7,78;78;9,35;0;0;6;0,72;0;0;1;0,12;16;1,92;12;1,44;0;0;1;0,12;0;0;0;0;0;0;1;0,12;1;0,12;0;0;0;0;0;0;0;0;2;0,24;0;0;1;0,12;0;0;1;0,12;0;0;0;0;0;0;1;0,12;0;0;1;0,12;0;0;0;0;0;0;4;0,48;0;0;1;0,12
010.2;Stimmbezirk 010.2;1660;949;57,17;937;12;940;9;257;27,43;221;23,51;339;36,18;255;27,13;108;11,53;142;15,11;97;10,35;121;12,87;57;6,08;87;9,26;52;5,55;63;6,7;0;0;9;0,96;0;0;1;0,11;25;2,67;13;1,38;0;0;4;0,43;0;0;0;0;0;0;1;0,11;2;0,21;0;0;0;0;0;0;0;0;9;0,96;0;0;3;0,32;0;0;2;0,21;0;0;0;0;0;0;0;0;0;0;3;0,32;0;0;0;0;0;0;5;0,53;0;0;1;0,11
010.3;Stimmbezirk 010.3;1489;731;49,09;721;10;728;3;203;28,16;190;26,1;274;38;198;27,2;77;10,68;109;14,97;81;11,23;98;13,46;32;4,44;69;9,48;33;4,58;33;4,53;0;0;5;0,69;0;0;1;0,14;21;2,91;12;1,65;0;0;1;0,14;0;0;1;0,14;0;0;0;0;0;0;0;0;0;0;0;0;0;0;6;0,82;0;0;0;0;0;0;1;0,14;0;0;0;0;0;0;3;0,41;0;0;0;0;0;0;0;0;0;0;0;0;0;0;1;0,14
010.4;Stimmbezirk 010.4;1611;950;58,97;941;9;945;5;260;27,63;232;24,55;345;36,66;251;26,56;109;11,58;136;14,39;84;8,93;111;11,75;57;6,06;100;10,58;72;7,65;76;8,04;0;0;6;0,63;0;0;1;0,11;13;1,38;15;1,59;0;0;3;0,32;0;0;0;0;0;0;1;0,11;1;0,11;0;0;0;0;0;0;0;0;6;0,63;0;0;0;0;0;0;4;0,42;0;0;0;0;0;0;0;0;0;0;0;0;0;0;0;0;0;0;3;0,32;0;0;0;0
010.5;Stimmbezirk 010.5;1586;825;52,02;820;5;821;4;157;19,15;141;17,17;333;40,61;222;27,04;126;15,37;132;16,08;97;11,83;165;20,1;45;5,49;71;8,65;39;4,76;51;6,21;0;0;1;0,12;0;0;0;0;20;2,44;16;1,95;0;0;1;0,12;0;0;0;0;0;0;1;0,12;3;0,37;0;0;0;0;0;0;0;0;2;0,24;0;0;2;0,24;0;0;1;0,12;0;0;0;0;0;0;3;0,37;0;0;0;0;0;0;3;0,37;0;0;7;0,85;0;0;2;0,24
011.1;Stimmbezirk 011.1;1148;594;51,74;583;11;584;10;152;26,07;149;25,51;206;35,33;163;27,91;61;10,46;70;11,99;58;9,95;66;11,3;41;7,03;52;8,9;53;9,09;57;9,76;0;0;1;0,17;0;0;1;0,17;10;1,72;8;1,37;0;0;0;0;0;0;0;0;0;0;1;0,17;2;0,34;2;0,34;0;0;0;0;0;0;5;0,86;0;0;1;0,17;0;0;1;0,17;0;0;0;0;0;0;0;0;0;0;0;0;0;0;0;0;0;0;7;1,2;0;0;0;0
011.2;Stimmbezirk 011.2;1289;563;43,68;547;16;553;10;140;25,59;117;21,16;211;38,57;176;31,83;33;6,03;53;9,58;61;11,15;65;11,75;38;6,95;58;10,49;54;9,87;57;10,31;0;0;1;0,18;0;0;0;0;9;1,65;5;0,9;0;0;0;0;0;0;0;0;0;0;0;0;1;0,18;0;0;0;0;0;0;0;0;10;1,81;0;0;1;0,18;0;0;3;0,54;0;0;1;0,18;0;0;0;0;0;0;0;0;0;0;0;0;0;0;4;0,72;0;0;2;0,36
011.3;Stimmbezirk 011.3;1368;732;53,51;723;9;727;5;208;28,77;177;24,35;248;34,3;182;25,03;70;9,68;90;12,38;61;8,44;78;10,73;58;8,02;97;13,34;53;7,33;58;7,98;0;0;6;0,83;0;0;1;0,14;21;2,9;10;1,38;0;0;1;0,14;0;0;2;0,28;0;0;1;0,14;4;0,55;3;0,41;0;0;1;0,14;0;0;10;1,38;0;0;3;0,41;0;0;2;0,28;0;0;1;0,14;0;0;0;0;0;0;0;0;0;0;0;0;0;0;3;0,41;0;0;1;0,14
011.4;Stimmbezirk 011.4;1231;635;51,58;625;10;628;7;144;23,04;128;20,38;251;40,16;198;31,53;42;6,72;50;7,96;77;12,32;89;14,17;41;6,56;60;9,55;62;9,92;73;11,62;0;0;1;0,16;0;0;4;0,64;8;1,28;6;0,96;0;0;0;0;0;0;1;0,16;0;0;0;0;0;0;0;0;0;0;0;0;0;0;7;1,11;0;0;0;0;0;0;0;0;0;0;2;0,32;0;0;1;0,16;0;0;0;0;0;0;0;0;0;0;5;0,8;0;0;3;0,48
011.5;Stimmbezirk 011.5;1770;938;52,99;928;10;933;5;240;25,86;228;24,44;345;37,18;213;22,83;109;11,75;144;15,43;91;9,81;125;13,4;71;7,65;117;12,54;52;5,6;54;5,79;0;0;1;0,11;0;0;0;0;19;2,05;20;2,14;0;0;3;0,32;0;0;0;0;0;0;2;0,21;1;0,11;1;0,11;0;0;0;0;0;0;5;0,54;0;0;2;0,21;0;0;0;0;0;0;0;0;0;0;0;0;0;0;2;0,21;0;0;2;0,21;0;0;14;1,5;0;0;0;0
011.6;Stimmbezirk 011.6;1604;895;55,8;889;6;890;5;176;19,8;163;18,31;353;39,71;279;31,35;126;14,17;137;15,39;118;13,27;143;16,07;48;5,4;68;7,64;43;4,84;51;5,73;0;0;3;0,34;0;0;2;0,22;21;2,36;16;1,8;0;0;0;0;0;0;2;0,22;0;0;1;0,11;4;0,45;1;0,11;0;0;0;0;0;0;4;0,45;0;0;1;0,11;0;0;2;0,22;0;0;1;0,11;0;0;1;0,11;0;0;2;0,22;0;0;3;0,34;0;0;7;0,79;0;0;3;0,34
012.1;Stimmbezirk 012.1;1497;725;48,43;718;7;717;8;240;33,43;207;28,87;249;34,68;196;27,34;72;10,03;87;12,13;52;7,24;69;9,62;54;7,52;94;13,11;41;5,71;45;6,28;0;0;1;0,14;0;0;1;0,14;9;1,25;6;0,84;0;0;2;0,28;0;0;2;0,28;0;0;1;0,14;1;0,14;0;0;0;0;0;0;0;0;0;0;0;0;2;0,28;0;0;0;0;0;0;0;0;0;0;0;0;0;0;0;0;0;0;1;0,14;0;0;2;0,28;0;0;1;0,14
012.2;Stimmbezirk 012.2;1569;838;53,41;825;13;827;11;254;30,79;226;27,33;294;35,64;215;26;73;8,85;90;10,88;80;9,7;96;11,61;42;5,09;83;10,04;69;8,36;75;9,07;0;0;8;0,97;0;0;3;0,36;13;1,58;6;0,73;0;0;0;0;0;0;0;0;0;0;0;0;0;0;1;0,12;0;0;0;0;0;0;9;1,09;0;0;3;0,36;0;0;1;0,12;0;0;0;0;0;0;0;0;0;0;1;0,12;0;0;2;0,24;0;0;6;0,73;0;0;2;0,24
012.3;Stimmbezirk 012.3;1374;672;48,91;669;3;670;2;197;29,45;168;25,07;219;32,74;145;21,64;73;10,91;97;14,48;59;8,82;81;12,09;56;8,37;102;15,22;48;7,17;51;7,61;0;0;4;0,6;0;0;1;0,15;17;2,54;15;2,24;0;0;0;0;0;0;0;0;0;0;1;0,15;0;0;0;0;0;0;0;0;0;0;2;0,3;0;0;0;0;0;0;0;0;0;0;0;0;0;0;0;0;0;0;0;0;0;0;0;0;0;0;3;0,45;0;0;0;0
012.4;Stimmbezirk 012.4;1322;638;48,26;628;10;629;9;207;32,96;178;28,3;210;33,44;159;25,28;50;7,96;67;10,65;60;9,55;78;12,4;35;5,57;65;10,33;53;8,44;55;8,74;0;0;2;0,32;0;0;0;0;12;1,91;7;1,11;0;0;1;0,16;0;0;1;0,16;0;0;0;0;1;0,16;1;0,16;0;0;0;0;0;0;6;0,95;0;0;2;0,32;0;0;2;0,32;0;0;2;0,32;0;0;0;0;0;0;0;0;0;0;0;0;0;0;3;0,48;0;0;0;0
012.5;Stimmbezirk 012.5;1150;599;52,09;582;17;588;11;152;26,12;139;23,64;202;34,71;171;29,08;47;8,08;48;8,16;75;12,89;83;14,12;34;5,84;49;8,33;63;10,82;66;11,22;0;0;4;0,68;0;0;2;0,34;9;1,55;7;1,19;0;0;1;0,17;0;0;1;0,17;0;0;0;0;0;0;0;0;0;0;0;0;0;0;11;1,87;0;0;0;0;0;0;0;0;0;0;0;0;0;0;1;0,17;0;0;0;0;0;0;0;0;0;0;5;0,85;0;0;0;0
013.1;Stimmbezirk 013.1;1117;712;63,74;709;3;708;4;214;30,18;189;26,69;234;33;148;20,9;102;14,39;136;19,21;62;8,74;81;11,44;45;6,35;88;12,43;43;6,06;46;6,5;0;0;1;0,14;0;0;1;0,14;9;1,27;7;0,99;0;0;2;0,28;0;0;0;0;0;0;1;0,14;0;0;0;0;0;0;0;0;0;0;1;0,14;0;0;0;0;0;0;1;0,14;0;0;0;0;0;0;2;0,28;0;0;1;0,14;0;0;0;0;0;0;3;0,42;0;0;0;0
013.2;Stimmbezirk 013.2;1191;608;51,05;605;3;606;2;176;29,09;156;25,74;188;31,07;98;16,17;87;14,38;131;21,62;46;7,6;71;11,72;61;10,08;86;14,19;33;5,45;40;6,6;0;0;1;0,17;0;0;1;0,17;13;2,15;12;1,98;0;0;2;0,33;0;0;0;0;0;0;1;0,17;1;0,17;0;0;0;0;1;0,17;0;0;0;0;0;0;2;0,33;0;0;2;0,33;0;0;0;0;0;0;0;0;0;0;1;0,17;0;0;0;0;0;0;1;0,17;0;0;0;0
013.3;Stimmbezirk 013.3;913;463;50,71;462;1;460;3;105;22,73;96;20,87;159;34,42;102;22,17;87;18,83;90;19,57;56;12,12;86;18,7;18;3,9;35;7,61;20;4,33;26;5,65;0;0;1;0,22;0;0;2;0,43;16;3,46;6;1,3;0;0;0;0;0;0;0;0;0;0;0;0;1;0,22;0;0;0;0;0;0;0;0;4;0,87;0;0;2;0,43;0;0;3;0,65;0;0;0;0;0;0;0;0;0;0;3;0,65;0;0;0;0;0;0;3;0,65;0;0;1;0,22
013.4;Stimmbezirk 013.4;1429;765;53,53;755;10;757;8;208;27,55;190;25,1;254;33,64;181;23,91;117;15,5;129;17,04;67;8,87;79;10,44;44;5,83;109;14,4;43;5,7;46;6,08;0;0;2;0,26;0;0;0;0;21;2,78;8;1,06;0;0;0;0;0;0;1;0,13;0;0;3;0,4;1;0,13;2;0,26;0;0;0;0;0;0;0;0;0;0;0;0;0;0;0;0;0;0;0;0;0;0;1;0,13;0;0;1;0,13;0;0;1;0,13;0;0;2;0,26;0;0;2;0,26
013.5;Stimmbezirk 013.5;1095;615;56,16;605;10;608;7;167;27,6;165;27,14;220;36,36;154;25,33;80;13,22;103;16,94;56;9,26;76;12,5;33;5,45;53;8,72;36;5,95;36;5,92;0;0;3;0,49;0;0;0;0;10;1,65;7;1,15;0;0;0;0;0;0;0;0;0;0;0;0;3;0,5;1;0,16;0;0;0;0;0;0;1;0,16;0;0;1;0,16;0;0;1;0,16;0;0;0;0;0;0;0;0;0;0;0;0;0;0;0;0;0;0;6;0,99;0;0;1;0,16
013.6;Stimmbezirk 013.6;1246;462;37,08;448;14;448;14;95;21,21;99;22,1;171;38,17;132;29,46;96;21,43;101;22,54;50;11,16;60;13,39;16;3,57;28;6,25;12;2,68;17;3,79;0;0;1;0,22;0;0;0;0;7;1,56;4;0,89;0;0;2;0,45;0;0;0;0;0;0;0;0;1;0,22;1;0,22;0;0;0;0;0;0;0;0;0;0;0;0;0;0;0;0;0;0;0;0;0;0;0;0;0;0;0;0;0;0;0;0;0;0;2;0,45;0;0;1;0,22
013.7;Stimmbezirk 013.7;797;289;36,26;288;1;287;2;72;25;79;27,53;111;38,54;60;20,91;49;17,01;55;19,16;32;11,11;47;16,38;11;3,82;21;7,32;7;2,43;10;3,48;0;0;1;0,35;0;0;0;0;5;1,74;2;0,7;0;0;0;0;0;0;0;0;0;0;0;0;1;0,35;3;1,05;0;0;0;0;0;0;2;0,7;0;0;2;0,7;0;0;1;0,35;0;0;0;0;0;0;1;0,35;0;0;0;0;0;0;0;0;0;0;3;1,05;0;0;0;0
014.1;Stimmbezirk 014.1;1351;675;49,96;666;9;669;6;245;36,79;216;32,29;215;32,28;154;23,02;58;8,71;72;10,76;34;5,11;52;7,77;66;9,91;100;14,95;40;6,01;49;7,32;0;0;3;0,45;0;0;0;0;7;1,05;4;0,6;0;0;2;0,3;0;0;0;0;0;0;3;0,45;1;0,15;0;0;0;0;0;0;0;0;9;1,35;0;0;0;0;0;0;0;0;0;0;0;0;0;0;2;0,3;0;0;0;0;0;0;1;0,15;0;0;1;0,15;0;0;1;0,15
014.2;Stimmbezirk 014.2;1393;550;39,48;538;12;538;12;160;29,74;144;26,77;225;41,82;189;35,13;19;3,53;32;5,95;37;6,88;51;9,48;38;7,06;48;8,92;47;8,74;42;7,81;0;0;1;0,19;0;0;2;0,37;11;2,04;6;1,12;0;0;0;0;0;0;0;0;0;0;1;0,19;1;0,19;2;0,37;0;0;0;0;0;0;16;2,97;0;0;0;0;0;0;0;0;0;0;0;0;0;0;0;0;0;0;0;0;0;0;0;0;0;0;4;0,74;0;0;0;0
014.3;Stimmbezirk 014.3;1287;595;46,23;577;18;587;8;160;27,73;135;23;227;39,34;180;30,66;30;5,2;53;9,03;46;7,97;46;7,84;46;7,97;72;12,27;58;10,05;64;10,9;0;0;3;0,51;0;0;1;0,17;9;1,56;5;0,85;0;0;0;0;0;0;1;0,17;0;0;0;0;1;0,17;0;0;0;0;0;0;0;0;17;2,9;0;0;2;0,34;0;0;1;0,17;0;0;0;0;0;0;0;0;0;0;1;0,17;0;0;0;0;0;0;6;1,02;0;0;0;0
014.4;Stimmbezirk 014.4;1462;763;52,19;718;45;740;23;167;23,26;131;17,7;290;40,39;235;31,76;38;5,29;64;8,65;72;10,03;88;11,89;45;6,27;56;7,57;72;10,03;73;9,86;0;0;8;1,08;0;0;6;0,81;30;4,18;11;1,49;0;0;1;0,14;0;0;1;0,14;0;0;0;0;4;0,56;2;0,27;0;0;0;0;0;0;46;6,22;0;0;1;0,14;0;0;2;0,27;0;0;1;0,14;0;0;3;0,41;0;0;0;0;0;0;1;0,14;0;0;7;0,95;0;0;3;0,41
014.5;Stimmbezirk 014.5;1372;694;50,58;673;21;685;9;168;24,96;154;22,48;285;42,35;246;35,91;42;6,24;46;6,72;60;8,92;61;8,91;31;4,61;58;8,47;73;10,85;78;11,39;0;0;4;0,58;0;0;5;0,73;10;1,49;10;1,46;0;0;1;0,15;0;0;0;0;0;0;0;0;4;0,59;1;0,15;0;0;0;0;0;0;11;1,61;0;0;2;0,29;0;0;3;0,44;0;0;0;0;0;0;0;0;0;0;1;0,15;0;0;0;0;0;0;4;0,58;0;0;0;0
015.1;Stimmbezirk 015.1;1014;540;53,25;531;9;534;6;125;23,54;109;20,41;189;35,59;146;27,34;50;9,42;38;7,12;64;12,05;82;15,36;43;8,1;64;11,99;46;8,66;57;10,67;0;0;0;0;0;0;0;0;13;2,45;5;0,94;0;0;1;0,19;0;0;0;0;0;0;0;0;1;0,19;2;0,37;0;0;0;0;0;0;20;3,75;0;0;1;0,19;0;0;1;0,19;0;0;0;0;0;0;3;0,56;0;0;0;0;0;0;0;0;0;0;4;0,75;0;0;1;0,19
015.2;Stimmbezirk 015.2;1172;630;53,75;623;7;627;3;221;35,47;180;28,71;192;30,82;139;22,17;51;8,19;64;10,21;31;4,98;45;7,18;53;8,51;92;14,67;60;9,63;72;11,48;0;0;4;0,64;0;0;0;0;15;2,41;9;1,44;0;0;0;0;0;0;0;0;0;0;0;0;0;0;1;0,16;0;0;0;0;0;0;18;2,87;0;0;0;0;0;0;1;0,16;0;0;0;0;0;0;0;0;0;0;0;0;0;0;0;0;0;0;2;0,32;0;0;0;0
015.3;Stimmbezirk 015.3;1214;639;52,64;626;13;628;11;160;25,56;130;20,7;224;35,78;188;29,94;48;7,67;45;7,17;64;10,22;79;12,58;54;8,63;86;13,69;64;10,22;59;9,39;0;0;4;0,64;0;0;1;0,16;12;1,92;8;1,27;0;0;3;0,48;0;0;1;0,16;0;0;0;0;0;0;0;0;0;0;0;0;0;0;11;1,75;0;0;0;0;0;0;0;0;0;0;0;0;0;0;0;0;0;0;0;0;0;0;1;0,16;0;0;12;1,91;0;0;0;0
015.4;Stimmbezirk 015.4;1345;628;46,69;608;20;617;11;122;20,07;120;19,45;256;42,11;212;34,36;43;7,07;58;9,4;61;10,03;64;10,37;43;7,07;59;9,56;59;9,7;60;9,72;0;0;5;0,81;0;0;0;0;22;3,62;11;1,78;0;0;2;0,32;0;0;1;0,16;0;0;1;0,16;2;0,33;1;0,16;0;0;0;0;0;0;11;1,78;0;0;1;0,16;0;0;2;0,32;0;0;0;0;0;0;0;0;0;0;0;0;0;0;2;0,32;0;0;6;0,97;0;0;1;0,16
015.5;Stimmbezirk 015.5;944;487;51,59;479;8;484;3;153;31,94;130;26,86;166;34,66;132;27,27;36;7,52;51;10,54;35;7,31;43;8,88;40;8,35;59;12,19;42;8,77;44;9,09;0;0;3;0,62;0;0;2;0,41;7;1,46;0;0;0;0;1;0,21;0;0;1;0,21;0;0;0;0;0;0;0;0;0;0;1;0,21;0;0;11;2,27;0;0;0;0;0;0;0;0;0;0;0;0;0;0;1;0,21;0;0;0;0;0;0;0;0;0;0;4;0,83;0;0;1;0,21
015.6;Stimmbezirk 015.6;906;478;52,76;466;12;470;8;146;31,33;127;27,02;156;33,48;126;26,81;22;4,72;42;8,94;55;11,8;52;11,06;43;9,23;53;11,28;38;8,15;43;9,15;0;0;2;0,43;0;0;0;0;6;1,29;4;0,85;0;0;2;0,43;0;0;0;0;0;0;2;0,43;0;0;0;0;0;0;0;0;0;0;12;2,55;0;0;2;0,43;0;0;0;0;0;0;0;0;0;0;1;0,21;0;0;0;0;0;0;0;0;0;0;1;0,21;0;0;1;0,21
016.1;Stimmbezirk 016.1;498;272;54,62;271;1;271;1;117;43,17;111;40,96;89;32,84;61;22,51;24;8,86;28;10,33;8;2,95;23;8,49;16;5,9;28;10,33;14;5,17;16;5,9;0;0;1;0,37;0;0;0;0;3;1,11;2;0,74;0;0;0;0;0;0;0;0;0;0;0;0;0;0;0;0;0;0;0;0;0;0;0;0;0;0;0;0;0;0;0;0;0;0;0;0;0;0;0;0;0;0;0;0;0;0;0;0;0;0;1;0,37;0;0;0;0
016.2;Stimmbezirk 016.2;1256;619;49,28;612;7;611;8;202;33,01;170;27,82;201;32,84;178;29,13;36;5,88;44;7,2;43;7,03;49;8,02;52;8,5;65;10,64;68;11,11;76;12,44;0;0;4;0,65;0;0;0;0;10;1,63;3;0,49;0;0;3;0,49;0;0;1;0,16;0;0;0;0;0;0;0;0;0;0;0;0;0;0;5;0,82;0;0;1;0,16;0;0;0;0;0;0;0;0;0;0;3;0,49;0;0;1;0,16;0;0;3;0,49;0;0;3;0,49;0;0;2;0,33
016.3;Stimmbezirk 016.3;1424;806;56,6;790;16;796;10;265;33,54;223;28,02;285;36,08;267;33,54;46;5,82;62;7,79;48;6,08;41;5,15;65;8,23;102;12,81;67;8,48;67;8,42;0;0;5;0,63;0;0;4;0,5;14;1,77;14;1,76;0;0;1;0,13;0;0;2;0,25;0;0;0;0;0;0;0;0;0;0;0;0;0;0;2;0,25;0;0;0;0;0;0;0;0;0;0;0;0;0;0;0;0;0;0;2;0,25;0;0;1;0,13;0;0;3;0,38;0;0;0;0
016.4;Stimmbezirk 016.4;1442;786;54,51;775;11;776;10;243;31,35;224;28,87;272;35,1;224;28,87;61;7,87;58;7,47;47;6,06;57;7,35;48;6,19;84;10,82;92;11,87;100;12,89;0;0;5;0,64;0;0;1;0,13;12;1,55;4;0,52;0;0;2;0,26;0;0;0;0;0;0;1;0,13;0;0;0;0;0;0;0;0;0;0;2;0,26;0;0;3;0,39;0;0;0;0;0;0;0;0;0;0;0;0;0;0;1;0,13;0;0;0;0;0;0;5;0,64;0;0;5;0,64
016.5;Stimmbezirk 016.5;550;313;56,91;305;8;308;5;79;25,9;79;25,65;110;36,07;81;26,3;17;5,57;23;7,47;24;7,87;30;9,74;25;8,2;38;12,34;43;14,1;34;11,04;0;0;5;1,62;0;0;2;0,65;5;1,64;4;1,3;0;0;1;0,32;0;0;1;0,32;0;0;0;0;2;0,66;0;0;0;0;0;0;0;0;5;1,62;0;0;1;0,32;0;0;1;0,32;0;0;0;0;0;0;2;0,65;0;0;0;0;0;0;0;0;0;0;0;0;0;0;1;0,32
016.6;Stimmbezirk 016.6;898;540;60,13;534;6;535;5;177;33,15;160;29,91;175;32,77;141;26,36;33;6,18;44;8,22;31;5,81;39;7,29;52;9,74;65;12,15;54;10,11;55;10,28;0;0;4;0,75;0;0;2;0,37;10;1,87;4;0,75;0;0;0;0;0;0;0;0;0;0;3;0,56;2;0,37;1;0,19;0;0;0;0;0;0;8;1,5;0;0;0;0;0;0;0;0;0;0;0;0;0;0;2;0,37;0;0;2;0,37;0;0;0;0;0;0;5;0,93;0;0;0;0
017.1;Stimmbezirk 017.1;1528;937;61,32;931;6;932;5;260;27,93;240;25,75;342;36,73;225;24,14;132;14,18;176;18,88;77;8,27;116;12,45;52;5,59;89;9,55;49;5,26;59;6,33;0;0;3;0,32;0;0;1;0,11;17;1,83;7;0,75;0;0;1;0,11;0;0;1;0,11;0;0;1;0,11;2;0,21;1;0,11;0;0;0;0;0;0;9;0,97;0;0;0;0;0;0;0;0;0;0;0;0;0;0;0;0;0;0;0;0;0;0;1;0,11;0;0;2;0,21;0;0;0;0
017.2;Stimmbezirk 017.2;1458;787;53,98;778;9;783;4;234;30,08;213;27,2;303;38,95;238;30,4;51;6,56;68;8,68;53;6,81;69;8,81;53;6,81;83;10,6;73;9,38;81;10,34;0;0;1;0,13;0;0;1;0,13;11;1,41;6;0,77;0;0;0;0;0;0;3;0,38;0;0;1;0,13;0;0;0;0;0;0;0;0;0;0;3;0,38;0;0;1;0,13;0;0;3;0,38;0;0;0;0;0;0;1;0,13;0;0;1;0,13;0;0;1;0,13;0;0;7;0,89;0;0;2;0,26
017.3;Stimmbezirk 017.3;1356;747;55,09;729;18;735;12;211;28,94;191;25,99;287;39,37;228;31,02;58;7,96;68;9,25;63;8,64;78;10,61;51;7;81;11,02;50;6,86;60;8,16;0;0;7;0,95;0;0;0;0;9;1,23;3;0,41;0;0;3;0,41;0;0;0;0;0;0;0;0;0;0;0;0;0;0;0;0;0;0;9;1,22;0;0;0;0;0;0;1;0,14;0;0;0;0;0;0;3;0,41;0;0;0;0;0;0;1;0,14;0;0;2;0,27;0;0;0;0
017.4;Stimmbezirk 017.4;1543;962;62,35;949;13;955;7;275;28,98;262;27,43;370;38,99;264;27,64;89;9,38;118;12,36;64;6,74;97;10,16;68;7,17;102;10,68;70;7,38;80;8,38;0;0;2;0,21;0;0;1;0,1;13;1,37;8;0,84;0;0;2;0,21;0;0;1;0,1;0;0;1;0,1;0;0;1;0,1;0;0;0;0;0;0;5;0,52;0;0;2;0,21;0;0;0;0;0;0;1;0,1;0;0;2;0,21;0;0;1;0,1;0;0;1;0,1;0;0;3;0,31;0;0;1;0,1
017.5;Stimmbezirk 017.5;1304;719;55,14;711;8;713;6;236;33,19;216;30,29;223;31,36;173;24,26;69;9,7;73;10,24;44;6,19;59;8,27;67;9,42;100;14,03;55;7,74;70;9,82;0;0;1;0,14;0;0;0;0;17;2,39;8;1,12;0;0;2;0,28;0;0;0;0;0;0;0;0;0;0;0;0;0;0;0;0;0;0;5;0,7;0;0;0;0;0;0;0;0;0;0;0;0;0;0;1;0,14;0;0;0;0;0;0;0;0;0;0;3;0,42;0;0;2;0,28
018.1;Stimmbezirk 018.1;1494;695;46,52;692;3;695;0;298;43,06;230;33,09;155;22,4;108;15,54;78;11,27;99;14,24;33;4,77;44;6,33;93;13,44;163;23,45;31;4,48;36;5,18;0;0;0;0;0;0;2;0,29;4;0,58;8;1,15;0;0;0;0;0;0;0;0;0;0;1;0,14;0;0;0;0;0;0;0;0;0;0;0;0;0;0;2;0,29;0;0;1;0,14;0;0;0;0;0;0;0;0;0;0;0;0;0;0;0;0;0;0;1;0,14;0;0;0;0
018.2;Stimmbezirk 018.2;1404;738;52,56;734;4;735;3;314;42,78;247;33,61;148;20,16;92;12,52;84;11,44;86;11,7;36;4,9;63;8,57;79;10,76;163;22,18;63;8,58;67;9,12;0;0;2;0,27;0;0;1;0,14;10;1,36;4;0,54;0;0;0;0;0;0;1;0,14;0;0;1;0,14;0;0;1;0,14;0;0;0;0;0;0;2;0,27;0;0;2;0,27;0;0;1;0,14;0;0;0;0;0;0;1;0,14;0;0;0;0;0;0;1;0,14;0;0;0;0;0;0;0;0
018.3;Stimmbezirk 018.3;749;475;63,42;473;2;474;1;148;31,29;132;27,85;171;36,15;116;24,47;50;10,57;73;15,4;40;8,46;52;10,97;38;8,03;62;13,08;21;4,44;22;4,64;0;0;0;0;0;0;0;0;5;1,06;7;1,48;0;0;1;0,21;0;0;0;0;0;0;0;0;0;0;0;0;0;0;0;0;0;0;0;0;0;0;2;0,42;0;0;0;0;0;0;0;0;0;0;0;0;0;0;1;0,21;0;0;0;0;0;0;6;1,27;0;0;0;0
018.4;Stimmbezirk 018.4;1066;616;57,79;613;3;614;2;195;31,81;188;30,62;206;33,61;142;23,13;77;12,56;90;14,66;48;7,83;61;9,93;47;7,67;78;12,7;33;5,38;38;6,19;0;0;5;0,81;0;0;0;0;7;1,14;7;1,14;0;0;1;0,16;0;0;0;0;0;0;1;0,16;0;0;0;0;0;0;2;0,33;0;0;0;0;0;0;0;0;0;0;1;0,16;0;0;0;0;0;0;0;0;0;0;0;0;0;0;0;0;0;0;0;0;0;0;0;0
018.5;Stimmbezirk 018.5;1384;766;55,35;762;4;761;5;171;22,44;162;21,29;284;37,27;178;23,39;89;11,68;130;17,08;96;12,6;118;15,51;48;6,3;70;9,2;51;6,69;62;8,15;0;0;8;1,05;0;0;0;0;23;3,02;13;1,71;0;0;2;0,26;0;0;0;0;0;0;0;0;0;0;0;0;0;0;0;0;0;0;2;0,26;0;0;2;0,26;0;0;3;0,39;0;0;0;0;0;0;2;0,26;0;0;0;0;0;0;1;0,13;0;0;7;0,92;0;0;1;0,13
018.6;Stimmbezirk 018.6;1290;661;51,24;652;9;654;7;165;25,31;141;21,56;218;33,44;168;25,69;87;13,34;84;12,84;80;12,27;118;18,04;27;4,14;44;6,73;60;9,2;67;10,24;0;0;5;0,76;0;0;1;0,15;15;2,3;14;2,14;0;0;2;0,31;0;0;0;0;0;0;1;0,15;0;0;0;0;0;0;0;0;0;0;3;0,46;0;0;0;0;0;0;0;0;0;0;1;0,15;0;0;1;0,15;0;0;0;0;0;0;1;0,15;0;0;2;0,31;0;0;1;0,15
019.1;Stimmbezirk 019.1;1027;578;56,28;572;6;572;6;174;30,42;164;28,67;182;31,82;130;22,73;59;10,31;71;12,41;64;11,19;79;13,81;40;6,99;63;11,01;40;6,99;44;7,69;0;0;6;1,05;0;0;1;0,17;12;2,1;4;0,7;0;0;1;0,17;0;0;0;0;0;0;0;0;1;0,17;0;0;0;0;0;0;0;0;0;0;0;0;0;0;0;0;1;0,17;0;0;0;0;0;0;0;0;0;0;0;0;0;0;0;0;0;0;8;1,4;0;0;0;0
019.2;Stimmbezirk 019.2;1193;660;55,32;656;4;655;5;227;34,6;209;31,91;213;32,47;145;22,14;77;11,74;107;16,34;48;7,32;57;8,7;51;7,77;84;12,82;29;4,42;30;4,58;0;0;2;0,31;0;0;2;0,31;11;1,68;9;1,37;0;0;2;0,31;0;0;0;0;0;0;1;0,15;0;0;0;0;0;0;0;0;0;0;0;0;0;0;2;0,31;0;0;1;0,15;0;0;0;0;0;0;0;0;0;0;0;0;0;0;0;0;0;0;3;0,46;0;0;1;0,15
019.3;Stimmbezirk 019.3;1366;753;55,12;751;2;750;3;248;33,02;233;31,07;249;33,16;171;22,8;77;10,25;103;13,73;68;9,05;82;10,93;46;6,13;80;10,67;49;6,52;58;7,73;0;0;2;0,27;0;0;1;0,13;13;1,73;9;1,2;0;0;0;0;0;0;0;0;0;0;1;0,13;1;0,13;0;0;0;0;0;0;0;0;0;0;0;0;1;0,13;0;0;2;0,27;0;0;0;0;0;0;0;0;0;0;1;0,13;0;0;0;0;0;0;4;0,53;0;0;2;0,27
019.4;Stimmbezirk 019.4;937;585;62,43;580;5;581;4;208;35,86;194;33,39;185;31,9;146;25,13;62;10,69;70;12,05;36;6,21;43;7,4;54;9,31;81;13,94;32;5,52;38;6,54;0;0;0;0;0;0;1;0,17;1;0,17;4;0,69;0;0;3;0,52;0;0;0;0;0;0;0;0;2;0,34;0;0;0;0;0;0;0;0;0;0;0;0;0;0;0;0;0;0;0;0;0;0;0;0;0;0;0;0;0;0;0;0;0;0;0;0;1;0,17;0;0;0;0
019.5;Stimmbezirk 019.5;903;561;62,13;559;2;559;2;186;33,27;181;32,38;187;33,45;146;26,12;52;9,3;53;9,48;49;8,77;62;11,09;44;7,87;57;10,2;32;5,72;36;6,44;0;0;6;1,07;0;0;2;0,36;9;1,61;8;1,43;0;0;1;0,18;0;0;1;0,18;0;0;0;0;0;0;0;0;0;0;0;0;0;0;0;0;0;0;0;0;0;0;0;0;0;0;0;0;0;0;0;0;0;0;1;0,18;0;0;0;0;0;0;3;0,54;0;0;2;0,36
019.6;Stimmbezirk 019.6;1225;538;43,92;532;6;535;3;148;27,82;135;25,23;205;38,53;139;25,98;54;10,15;69;12,9;44;8,27;70;13,08;41;7,71;72;13,46;31;5,83;35;6,54;0;0;2;0,37;0;0;2;0,37;7;1,32;4;0,75;0;0;0;0;0;0;0;0;0;0;1;0,19;2;0,38;0;0;0;0;0;0;0;0;3;0,56;0;0;0;0;0;0;0;0;0;0;0;0;0;0;1;0,19;0;0;0;0;0;0;0;0;0;0;1;0,19;0;0;1;0,19
019.7;Stimmbezirk 019.7;1029;624;60,64;618;6;616;8;185;29,94;182;29,55;232;37,54;140;22,73;78;12,62;115;18,67;43;6,96;59;9,58;34;5,5;69;11,2;42;6,8;41;6,66;0;0;2;0,32;0;0;0;0;4;0,65;6;0,97;0;0;0;0;0;0;0;0;0;0;1;0,16;0;0;0;0;0;0;0;0;0;0;0;0;0;0;0;0;0;0;0;0;0;0;0;0;0;0;1;0,16;0;0;0;0;0;0;0;0;0;0;0;0;0;0;0;0
020.1;Stimmbezirk 020.1;1424;875;61,45;872;3;873;2;293;33,6;254;29,1;319;36,58;252;28,87;56;6,42;81;9,28;55;6,31;62;7,1;63;7,22;113;12,94;73;8,37;84;9,62;0;0;2;0,23;0;0;1;0,11;13;1,49;5;0,57;0;0;6;0,69;0;0;1;0,11;0;0;1;0,11;0;0;1;0,11;0;0;0;0;0;0;1;0,11;0;0;0;0;0;0;0;0;0;0;0;0;0;0;0;0;0;0;1;0,11;0;0;1;0,11;0;0;7;0,8;0;0;0;0
020.2;Stimmbezirk 020.2;1398;800;57,22;781;19;786;14;262;33,55;243;30,92;266;34,06;216;27,48;65;8,32;77;9,8;57;7,3;66;8,4;58;7,43;104;13,23;60;7,68;60;7,63;0;0;6;0,76;0;0;1;0,13;11;1,41;1;0,13;0;0;1;0,13;0;0;1;0,13;0;0;2;0,25;2;0,26;0;0;0;0;1;0,13;0;0;1;0,13;0;0;0;0;0;0;0;0;0;0;0;0;0;0;0;0;0;0;0;0;0;0;0;0;0;0;6;0,76;0;0;0;0
020.3;Stimmbezirk 020.3;1166;591;50,69;580;11;585;6;186;32,07;149;25,47;190;32,76;156;26,67;37;6,38;45;7,69;49;8,45;62;10,6;29;5;57;9,74;79;13,62;86;14,7;0;0;6;1,03;0;0;2;0,34;8;1,38;5;0,85;0;0;1;0,17;0;0;0;0;0;0;0;0;2;0,34;1;0,17;0;0;0;0;0;0;5;0,85;0;0;2;0,34;0;0;1;0,17;0;0;0;0;0;0;0;0;0;0;1;0,17;0;0;0;0;0;0;5;0,85;0;0;1;0,17
020.4;Stimmbezirk 020.4;1424;801;56,25;795;6;795;6;264;33,21;214;26,92;301;37,86;244;30,69;76;9,56;73;9,18;46;5,79;62;7,8;63;7,92;125;15,72;39;4,91;54;6,79;0;0;3;0,38;0;0;3;0,38;6;0,75;2;0,25;0;0;1;0,13;0;0;1;0,13;0;0;0;0;0;0;0;0;0;0;0;0;0;0;3;0,38;0;0;1;0,13;0;0;3;0,38;0;0;0;0;0;0;0;0;0;0;0;0;0;0;0;0;0;0;5;0,63;0;0;1;0,13
020.5;Stimmbezirk 020.5;1568;823;52,49;814;9;816;7;291;35,75;257;31,5;302;37,1;262;32,11;53;6,51;65;7,97;29;3,56;40;4,9;67;8,23;106;12,99;63;7,74;67;8,21;0;0;4;0,49;0;0;2;0,25;7;0,86;3;0,37;0;0;3;0,37;0;0;0;0;0;0;0;0;2;0,25;0;0;0;0;1;0,12;0;0;1;0,12;0;0;1;0,12;0;0;1;0,12;0;0;0;0;0;0;1;0,12;0;0;0;0;0;0;0;0;0;0;2;0,25;0;0;0;0
020.6;Stimmbezirk 020.6;1451;848;58,44;844;4;846;2;305;36,14;271;32,03;307;36,37;214;25,3;42;4,98;86;10,17;42;4,98;63;7,45;70;8,29;116;13,71;70;8,29;73;8,63;0;0;6;0,71;0;0;1;0,12;6;0,71;4;0,47;0;0;2;0,24;0;0;1;0,12;0;0;0;0;2;0,24;2;0,24;0;0;0;0;0;0;0;0;0;0;3;0,35;0;0;0;0;0;0;0;0;0;0;0;0;0;0;1;0,12;0;0;1;0,12;0;0;1;0,12;0;0;1;0,12
021.1;Stimmbezirk 021.1;1293;759;58,7;753;6;754;5;249;33,07;202;26,79;253;33,6;191;25,33;100;13,28;117;15,52;47;6,24;66;8,75;61;8,1;98;13;36;4,78;58;7,69;0;0;4;0,53;0;0;2;0,27;7;0,93;6;0,8;0;0;1;0,13;0;0;0;0;0;0;2;0,27;0;0;0;0;0;0;0;0;0;0;1;0,13;0;0;1;0,13;0;0;1;0,13;0;0;0;0;0;0;0;0;0;0;0;0;0;0;0;0;0;0;4;0,53;0;0;0;0
021.2;Stimmbezirk 021.2;1613;969;60,07;956;13;958;11;315;32,95;261;27,24;321;33,58;251;26,2;76;7,95;94;9,81;65;6,8;74;7,72;92;9,62;163;17,01;72;7,53;88;9,19;0;0;0;0;0;0;1;0,1;14;1,46;7;0,73;0;0;0;0;0;0;3;0,31;0;0;1;0,1;1;0,1;3;0,31;0;0;0;0;0;0;4;0,42;0;0;1;0,1;0;0;0;0;0;0;0;0;0;0;1;0,1;0;0;0;0;0;0;0;0;0;0;5;0,52;0;0;1;0,1
021.3;Stimmbezirk 021.3;1325;764;57,66;761;3;760;4;319;41,92;284;37,37;273;35,87;197;25,92;49;6,44;67;8,82;23;3,02;46;6,05;49;6,44;104;13,68;40;5,26;45;5,92;0;0;6;0,79;0;0;0;0;7;0,92;3;0,39;0;0;1;0,13;0;0;0;0;0;0;0;0;1;0,13;2;0,26;0;0;0;0;0;0;0;0;0;0;0;0;0;0;0;0;0;0;0;0;0;0;0;0;0;0;0;0;0;0;1;0,13;0;0;4;0,53;0;0;0;0
021.4;Stimmbezirk 021.4;1507;825;54,74;816;9;820;5;235;28,8;197;24,02;252;30,88;195;23,78;78;9,56;89;10,85;62;7,6;77;9,39;69;8,46;102;12,44;105;12,87;112;13,66;0;0;9;1,1;0;0;0;0;15;1,84;10;1,22;0;0;0;0;0;0;2;0,24;0;0;2;0,24;0;0;1;0,12;0;0;0;0;0;0;10;1,22;0;0;0;0;0;0;1;0,12;0;0;1;0,12;0;0;4;0,49;0;0;0;0;0;0;0;0;0;0;2;0,24;0;0;6;0,73
021.5;Stimmbezirk 021.5;1449;764;52,73;760;4;759;5;269;35,39;233;30,7;226;29,74;178;23,45;63;8,29;69;9,09;58;7,63;70;9,22;58;7,63;102;13,44;69;9,08;76;10,01;0;0;3;0,4;0;0;1;0,13;17;2,24;9;1,19;0;0;0;0;0;0;0;0;0;0;0;0;0;0;1;0,13;0;0;0;0;0;0;8;1,05;0;0;0;0;0;0;2;0,26;0;0;0;0;0;0;1;0,13;0;0;0;0;0;0;0;0;0;0;6;0,79;0;0;0;0
021.6;Stimmbezirk 021.6;1005;547;54,43;546;1;546;1;194;35,53;182;33,33;189;34,62;144;26,37;52;9,52;50;9,16;20;3,66;28;5,13;39;7,14;71;13;45;8,24;53;9,71;0;0;2;0,37;0;0;0;0;7;1,28;5;0,92;0;0;0;0;0;0;0;0;0;0;1;0,18;0;0;0;0;0;0;0;0;0;0;4;0,73;0;0;0;0;0;0;0;0;0;0;0;0;0;0;0;0;0;0;0;0;0;0;0;0;0;0;6;1,1;0;0;0;0
022.1;Stimmbezirk 022.1;1364;800;58,65;794;6;792;8;297;37,41;264;33,33;248;31,23;211;26,64;37;4,66;47;5,93;54;6,8;62;7,83;55;6,93;89;11,24;93;11,71;101;12,75;0;0;3;0,38;0;0;1;0,13;8;1,01;7;0,88;0;0;1;0,13;0;0;0;0;0;0;0;0;2;0,25;1;0,13;0;0;0;0;0;0;3;0,38;0;0;0;0;0;0;1;0,13;0;0;0;0;0;0;1;0,13;0;0;0;0;0;0;0;0;0;0;0;0;0;0;0;0
022.2;Stimmbezirk 022.2;1459;827;56,68;824;3;822;5;285;34,59;243;29,56;313;37,99;268;32,6;41;4,98;55;6,69;43;5,22;61;7,42;50;6,07;73;8,88;76;9,22;101;12,29;0;0;2;0,24;0;0;1;0,12;16;1,94;7;0,85;0;0;1;0,12;0;0;1;0,12;0;0;1;0,12;0;0;0;0;0;0;0;0;0;0;2;0,24;0;0;1;0,12;0;0;0;0;0;0;1;0,12;0;0;0;0;0;0;0;0;0;0;0;0;0;0;4;0,49;0;0;0;0
022.3;Stimmbezirk 022.3;1171;650;55,51;633;17;638;12;192;30,33;183;28,68;213;33,65;183;28,68;38;6;42;6,58;53;8,37;63;9,87;24;3,79;43;6,74;99;15,64;100;15,67;0;0;2;0,31;0;0;0;0;14;2,21;3;0,47;0;0;2;0,31;0;0;1;0,16;0;0;0;0;0;0;0;0;0;0;0;0;0;0;7;1,1;0;0;0;0;0;0;0;0;0;0;0;0;0;0;1;0,16;0;0;0;0;0;0;0;0;0;0;6;0,94;0;0;2;0,31
022.4;Stimmbezirk 022.4;1527;829;54,29;818;11;821;8;280;34,23;243;29,6;278;33,99;244;29,72;40;4,89;53;6,46;54;6,6;59;7,19;52;6,36;81;9,87;102;12,47;117;14,25;0;0;3;0,37;0;0;1;0,12;12;1,47;8;0,97;0;0;0;0;0;0;1;0,12;0;0;1;0,12;0;0;1;0,12;0;0;0;0;0;0;2;0,24;0;0;0;0;0;0;0;0;0;0;0;0;0;0;0;0;0;0;0;0;0;0;1;0,12;0;0;5;0,61;0;0;1;0,12
022.5;Stimmbezirk 022.5;1329;744;55,98;735;9;737;7;295;40,14;277;37,58;213;28,98;165;22,39;45;6,12;57;7,73;43;5,85;63;8,55;52;7,07;73;9,91;81;11,02;80;10,85;0;0;0;0;0;0;3;0,41;6;0,82;8;1,09;0;0;2;0,27;0;0;0;0;0;0;1;0,14;0;0;0;0;0;0;0;0;0;0;0;0;0;0;0;0;0;0;0;0;0;0;0;0;0;0;2;0,27;0;0;1;0,14;0;0;0;0;0;0;5;0,68;0;0;0;0
023.1;Stimmbezirk 023.1;1325;777;58,64;766;11;766;11;272;35,51;264;34,46;273;35,64;224;29,24;40;5,22;36;4,7;41;5,35;47;6,14;33;4,31;76;9,92;97;12,66;95;12,4;0;0;4;0,52;0;0;1;0,13;9;1,17;5;0,65;0;0;0;0;0;0;2;0,26;0;0;0;0;1;0,13;1;0,13;0;0;0;0;0;0;1;0,13;0;0;0;0;0;0;3;0,39;0;0;0;0;0;0;0;0;0;0;0;0;0;0;0;0;0;0;7;0,91;0;0;0;0
023.2;Stimmbezirk 023.2;1241;737;59,39;734;3;734;3;254;34,6;239;32,56;224;30,52;160;21,8;31;4,22;53;7,22;59;8,04;66;8,99;31;4,22;59;8,04;126;17,17;136;18,53;0;0;2;0,27;0;0;0;0;9;1,23;6;0,82;0;0;1;0,14;0;0;0;0;0;0;2;0,27;0;0;0;0;0;0;0;0;0;0;0;0;0;0;0;0;0;0;2;0,27;0;0;0;0;0;0;3;0,41;0;0;2;0,27;0;0;1;0,14;0;0;2;0,27;0;0;0;0
023.3;Stimmbezirk 023.3;1262;731;57,92;721;10;719;12;233;32,32;213;29,62;232;32,18;185;25,73;42;5,83;39;5,42;49;6,8;61;8,48;40;5,55;70;9,74;118;16,37;124;17,25;0;0;2;0,28;0;0;0;0;5;0,69;5;0,7;0;0;1;0,14;0;0;0;0;0;0;0;0;2;0,28;2;0,28;0;0;0;0;0;0;6;0,83;0;0;1;0,14;0;0;0;0;0;0;1;0,14;0;0;2;0,28;0;0;0;0;0;0;0;0;0;0;7;0,97;0;0;0;0
023.4;Stimmbezirk 023.4;1095;621;56,71;619;2;618;3;219;35,38;190;30,74;193;31,18;161;26,05;53;8,56;45;7,28;40;6,46;59;9,55;39;6,3;56;9,06;70;11,31;89;14,4;0;0;1;0,16;0;0;1;0,16;5;0,81;6;0,97;0;0;1;0,16;0;0;0;0;0;0;1;0,16;0;0;0;0;0;0;0;0;0;0;1;0,16;0;0;0;0;0;0;2;0,32;0;0;0;0;0;0;0;0;0;0;1;0,16;0;0;0;0;0;0;4;0,65;0;0;0;0
023.5;Stimmbezirk 023.5;1120;664;59,29;656;8;655;9;217;33,08;193;29,47;222;33,84;195;29,77;32;4,88;36;5,5;47;7,16;49;7,48;67;10,21;91;13,89;63;9,6;71;10,84;0;0;2;0,31;0;0;0;0;6;0,91;5;0,76;0;0;1;0,15;0;0;0;0;0;0;0;0;2;0,3;1;0,15;0;0;0;0;0;0;2;0,31;0;0;0;0;0;0;1;0,15;0;0;0;0;0;0;0;0;0;0;0;0;0;0;3;0,46;0;0;4;0,61;0;0;1;0,15
023.6;Stimmbezirk 023.6;503;285;56,66;285;0;285;0;100;35,09;90;31,58;101;35,44;82;28,77;9;3,16;14;4,91;8;2,81;18;6,32;21;7,37;30;10,53;46;16,14;47;16,49;0;0;0;0;0;0;1;0,35;0;0;1;0,35;0;0;0;0;0;0;0;0;0;0;0;0;0;0;0;0;0;0;0;0;0;0;0;0;0;0;0;0;0;0;0;0;0;0;0;0;0;0;0;0;0;0;0;0;0;0;0;0;0;0;2;0,7;0;0;0;0
024.1;Stimmbezirk 024.1;1131;548;48,45;526;22;531;17;173;32,89;161;30,32;132;25,1;130;24,48;21;3,99;24;4,52;63;11,98;60;11,3;33;6,27;32;6,03;101;19,2;107;20,15;0;0;6;1,13;0;0;0;0;3;0,57;2;0,38;0;0;1;0,19;0;0;0;0;0;0;0;0;0;0;0;0;0;0;0;0;0;0;0;0;0;0;0;0;0;0;3;0,56;0;0;0;0;0;0;0;0;0;0;0;0;0;0;0;0;0;0;5;0,94;0;0;0;0
024.2;Stimmbezirk 024.2;1419;730;51,44;717;13;712;18;224;31,24;216;30,34;200;27,89;157;22,05;21;2,93;24;3,37;83;11,58;88;12,36;36;5,02;45;6,32;151;21,06;168;23,6;0;0;1;0,14;0;0;0;0;2;0,28;1;0,14;0;0;2;0,28;0;0;0;0;0;0;2;0,28;0;0;0;0;0;0;0;0;0;0;2;0,28;0;0;0;0;0;0;0;0;0;0;0;0;0;0;0;0;0;0;0;0;0;0;1;0,14;0;0;4;0,56;0;0;1;0,14
024.3;Stimmbezirk 024.3;908;389;42,84;375;14;373;16;95;25,33;88;23,59;92;24,53;81;21,72;6;1,6;8;2,14;63;16,8;73;19,57;16;4,27;22;5,9;98;26,13;92;24,66;0;0;1;0,27;0;0;0;0;3;0,8;2;0,54;0;0;0;0;0;0;0;0;0;0;0;0;2;0,53;3;0,8;0;0;0;0;0;0;2;0,54;0;0;0;0;0;0;0;0;0;0;0;0;0;0;0;0;0;0;0;0;0;0;0;0;0;0;0;0;0;0;1;0,27
024.4;Stimmbezirk 024.4;1325;662;49,96;639;23;648;14;184;28,79;159;24,54;167;26,13;146;22,53;25;3,91;30;4,63;61;9,55;71;10,96;35;5,48;56;8,64;156;24,41;166;25,62;0;0;1;0,15;0;0;2;0,31;6;0,94;1;0,15;0;0;0;0;0;0;0;0;0;0;1;0,15;5;0,78;1;0,15;0;0;0;0;0;0;4;0,62;0;0;0;0;0;0;0;0;0;0;1;0,15;0;0;1;0,15;0;0;1;0,15;0;0;0;0;0;0;6;0,93;0;0;1;0,15
024.5;Stimmbezirk 024.5;1236;633;51,21;614;19;618;15;159;25,9;157;25,4;206;33,55;188;30,42;24;3,91;25;4,05;69;11,24;69;11,17;32;5,21;38;6,15;118;19,22;120;19,42;0;0;6;0,97;0;0;0;0;6;0,98;3;0,49;0;0;3;0,49;0;0;0;0;0;0;1;0,16;0;0;0;0;0;0;0;0;0;0;0;0;0;0;0;0;0;0;0;0;0;0;1;0,16;0;0;0;0;0;0;0;0;0;0;2;0,32;0;0;5;0,81;0;0;0;0
025.1;Stimmbezirk 025.1;1151;611;53,08;605;6;602;9;212;35,04;195;32,39;186;30,74;136;22,59;38;6,28;50;8,31;44;7,27;57;9,47;62;10,25;81;13,46;55;9,09;62;10,3;0;0;3;0,5;0;0;2;0,33;7;1,16;4;0,66;0;0;3;0,5;0;0;0;0;0;0;0;0;1;0,17;1;0,17;0;0;0;0;0;0;0;0;0;0;0;0;0;0;1;0,17;0;0;0;0;0;0;0;0;0;0;2;0,33;0;0;0;0;0;0;5;0,83;0;0;0;0
025.2;Stimmbezirk 025.2;1304;714;54,75;704;10;703;11;241;34,23;195;27,74;206;29,26;181;25,75;64;9,09;66;9,39;46;6,53;55;7,82;42;5,97;79;11,24;96;13,64;106;15,08;0;0;2;0,28;0;0;1;0,14;9;1,28;3;0,43;0;0;1;0,14;0;0;1;0,14;0;0;1;0,14;0;0;0;0;0;0;0;0;0;0;0;0;0;0;0;0;0;0;4;0,57;0;0;0;0;0;0;0;0;0;0;1;0,14;0;0;0;0;0;0;6;0,85;0;0;1;0,14
025.3;Stimmbezirk 025.3;1401;709;50,61;704;5;704;5;241;34,23;216;30,68;233;33,1;193;27,41;37;5,26;42;5,97;44;6,25;63;8,95;56;7,95;85;12,07;85;12,07;90;12,78;0;0;2;0,28;0;0;0;0;8;1,14;3;0,43;0;0;3;0,43;0;0;0;0;0;0;0;0;0;0;1;0,14;0;0;0;0;0;0;1;0,14;0;0;1;0,14;0;0;0;0;0;0;0;0;0;0;0;0;0;0;0;0;0;0;1;0,14;0;0;3;0,43;0;0;0;0
025.4;Stimmbezirk 025.4;1279;786;61,45;777;9;777;9;269;34,62;223;28,7;214;27,54;171;22,01;32;4,12;43;5,53;54;6,95;73;9,4;41;5,28;81;10,42;156;20,08;163;20,98;0;0;2;0,26;0;0;1;0,13;10;1,29;7;0,9;0;0;2;0,26;0;0;0;0;0;0;0;0;1;0,13;0;0;0;0;0;0;0;0;5;0,64;0;0;0;0;0;0;0;0;0;0;0;0;0;0;0;0;0;0;0;0;0;0;0;0;0;0;6;0,77;0;0;0;0
025.5;Stimmbezirk 025.5;1212;684;56,44;675;9;677;7;210;31,11;179;26,44;235;34,81;187;27,62;41;6,07;51;7,53;37;5,48;45;6,65;51;7,56;95;14,03;86;12,74;90;13,29;0;0;4;0,59;0;0;1;0,15;13;1,93;4;0,59;0;0;3;0,44;0;0;0;0;0;0;0;0;2;0,3;1;0,15;0;0;0;0;0;0;8;1,18;0;0;0;0;0;0;2;0,3;0;0;0;0;0;0;1;0,15;0;0;1;0,15;0;0;0;0;0;0;4;0,59;0;0;1;0,15
026.1;Stimmbezirk 026.1;1353;685;50,63;676;9;678;7;184;27,22;176;25,96;218;32,25;178;26,25;40;5,92;46;6,78;75;11,09;79;11,65;53;7,84;77;11,36;103;15,24;98;14,45;0;0;7;1,03;0;0;0;0;3;0,44;3;0,44;0;0;3;0,44;0;0;0;0;0;0;0;0;0;0;1;0,15;0;0;0;0;0;0;2;0,29;0;0;1;0,15;0;0;1;0,15;0;0;0;0;0;0;0;0;0;0;0;0;0;0;0;0;0;0;6;0,88;0;0;0;0
026.2;Stimmbezirk 026.2;1453;785;54,03;775;10;775;10;273;35,23;257;33,16;289;37,29;230;29,68;31;4;49;6,32;42;5,42;53;6,84;55;7,1;83;10,71;78;10,06;85;10,97;0;0;4;0,52;0;0;0;0;7;0,9;4;0,52;0;0;0;0;0;0;0;0;0;0;1;0,13;0;0;0;0;0;0;0;0;0;0;1;0,13;0;0;1;0,13;0;0;0;0;0;0;0;0;0;0;1;0,13;0;0;0;0;0;0;0;0;0;0;5;0,65;0;0;1;0,13
026.3;Stimmbezirk 026.3;1606;985;61,33;980;5;974;11;338;34,49;329;33,78;340;34,69;272;27,93;46;4,69;66;6,78;57;5,82;55;5,65;78;7,96;111;11,4;106;10,82;106;10,88;0;0;2;0,21;0;0;1;0,1;11;1,12;4;0,41;0;0;2;0,21;0;0;0;0;0;0;3;0,31;4;0,41;0;0;0;0;0;0;0;0;8;0,82;0;0;0;0;0;0;1;0,1;0;0;0;0;0;0;4;0,41;0;0;1;0,1;0;0;3;0,31;0;0;6;0,62;0;0;0;0
026.4;Stimmbezirk 026.4;1456;808;55,49;800;8;799;9;247;30,88;238;29,79;246;30,75;205;25,66;47;5,88;43;5,38;67;8,38;75;9,39;61;7,63;89;11,14;120;15;120;15,02;0;0;7;0,88;0;0;4;0,5;11;1,38;8;1;0;0;1;0,13;0;0;1;0,13;0;0;1;0,13;1;0,13;0;0;0;0;0;0;0;0;1;0,13;0;0;0;0;0;0;0;0;0;0;0;0;0;0;0;0;0;0;0;0;0;0;0;0;0;0;6;0,75;0;0;0;0
026.5;Stimmbezirk 026.5;1496;824;55,08;808;16;813;11;247;30,57;212;26,08;302;37,38;262;32,23;38;4,7;43;5,29;55;6,81;67;8,24;54;6,68;77;9,47;92;11,39;109;13,41;0;0;11;1,35;0;0;1;0,12;19;2,35;4;0,49;0;0;2;0,25;0;0;1;0,12;0;0;0;0;1;0,12;0;0;0;0;0;0;0;0;16;1,97;0;0;0;0;0;0;0;0;0;0;0;0;0;0;1;0,12;0;0;0;0;0;0;1;0,12;0;0;6;0,74;0;0;0;0
027.1;Stimmbezirk 027.1;1388;760;54,76;748;12;752;8;223;29,81;192;25,53;270;36,1;234;31,12;41;5,48;45;5,98;50;6,68;75;9,97;42;5,61;69;9,18;114;15,24;117;15,56;0;0;2;0,27;0;0;3;0,4;6;0,8;1;0,13;0;0;2;0,27;0;0;0;0;0;0;0;0;2;0,27;1;0,13;0;0;0;0;0;0;3;0,4;0;0;0;0;0;0;2;0,27;0;0;0;0;0;0;0;0;0;0;2;0,27;0;0;2;0,27;0;0;2;0,27;0;0;0;0
027.2;Stimmbezirk 027.2;1056;494;46,78;485;9;486;8;118;24,33;107;22,02;175;36,08;144;29,63;29;5,98;32;6,58;57;11,75;63;12,96;28;5,77;46;9,47;69;14,23;78;16,05;0;0;2;0,41;0;0;0;0;7;1,44;5;1,03;0;0;0;0;0;0;0;0;0;0;0;0;2;0,41;0;0;0;0;0;0;0;0;3;0,62;0;0;0;0;0;0;1;0,21;0;0;0;0;0;0;0;0;0;0;0;0;0;0;0;0;0;0;5;1,03;0;0;0;0
027.3;Stimmbezirk 027.3;1101;533;48,41;526;7;527;6;141;26,81;127;24,1;204;38,78;180;34,16;33;6,27;24;4,55;46;8,75;62;11,76;25;4,75;45;8,54;70;13,31;70;13,28;0;0;4;0,76;0;0;4;0,76;7;1,33;7;1,33;0;0;0;0;0;0;0;0;0;0;0;0;0;0;0;0;0;0;0;0;0;0;2;0,38;0;0;0;0;0;0;0;0;0;0;0;0;0;0;0;0;0;0;1;0,19;0;0;0;0;0;0;0;0;0;0;1;0,19
027.4;Stimmbezirk 027.4;1470;815;55,44;809;6;810;5;267;33;243;30;275;33,99;206;25,43;49;6,06;51;6,3;51;6,3;64;7,9;51;6,3;95;11,73;108;13,35;127;15,68;0;0;3;0,37;0;0;1;0,12;7;0,87;6;0,74;0;0;8;0,99;0;0;1;0,12;0;0;0;0;1;0,12;0;0;0;0;0;0;0;0;1;0,12;0;0;0;0;0;0;0;0;0;0;0;0;0;0;1;0,12;0;0;0;0;0;0;0;0;0;0;3;0,37;0;0;0;0
027.5;Stimmbezirk 027.5;1042;514;49,33;503;11;508;6;148;29,42;134;26,38;191;37,97;150;29,53;24;4,77;48;9,45;38;7,55;54;10,63;36;7,16;52;10,24;56;11,13;56;11,02;0;0;1;0,2;0;0;2;0,39;10;1,99;5;0,98;0;0;1;0,2;0;0;1;0,2;0;0;0;0;0;0;0;0;0;0;0;0;0;0;0;0;0;0;1;0,2;0;0;0;0;0;0;0;0;0;0;1;0,2;0;0;0;0;0;0;1;0,2;0;0;1;0,2;0;0;0;0
027.6;Stimmbezirk 027.6;999;536;53,65;528;8;528;8;130;24,62;118;22,35;181;34,28;148;28,03;34;6,44;37;7,01;49;9,28;44;8,33;38;7,2;63;11,93;81;15,34;82;15,53;0;0;4;0,76;0;0;2;0,38;13;2,46;4;0,76;0;0;3;0,57;0;0;1;0,19;0;0;1;0,19;2;0,38;2;0,38;0;0;0;0;0;0;4;0,76;0;0;0;0;0;0;1;0,19;0;0;0;0;0;0;4;0,76;0;0;1;0,19;0;0;0;0;0;0;7;1,33;0;0;2;0,38
028.1;Stimmbezirk 028.1;882;391;44,33;370;21;373;18;88;23,78;86;23,06;124;33,51;93;24,93;13;3,51;26;6,97;59;15,95;62;16,62;17;4,59;21;5,63;62;16,76;67;17,96;0;0;5;1,34;0;0;0;0;5;1,35;1;0,27;0;0;3;0,8;0;0;0;0;0;0;0;0;2;0,54;1;0,27;0;0;0;0;0;0;6;1,61;0;0;1;0,27;0;0;0;0;0;0;0;0;0;0;1;0,27;0;0;0;0;0;0;0;0;0;0;0;0;0;0;0;0
028.2;Stimmbezirk 028.2;1172;579;49,4;544;35;560;19;135;24,82;118;21,07;160;29,41;127;22,68;24;4,41;30;5,36;67;12,32;73;13,04;32;5,88;49;8,75;110;20,22;105;18,75;0;0;7;1,25;0;0;1;0,18;15;2,76;11;1,96;0;0;2;0,36;0;0;3;0,54;0;0;2;0,36;1;0,18;2;0,36;0;0;0;0;0;0;17;3,04;0;0;0;0;0;0;1;0,18;0;0;1;0,18;0;0;0;0;0;0;5;0,89;0;0;1;0,18;0;0;5;0,89;0;0;0;0
028.3;Stimmbezirk 028.3;1045;556;53,21;548;8;545;11;211;38,5;191;35,05;177;32,3;145;26,61;33;6,02;33;6,06;37;6,75;49;8,99;31;5,66;45;8,26;51;9,31;54;9,91;0;0;1;0,18;0;0;1;0,18;7;1,28;7;1,28;0;0;4;0,73;0;0;2;0,37;0;0;0;0;1;0,18;1;0,18;0;0;0;0;0;0;2;0,37;0;0;2;0,37;0;0;0;0;0;0;0;0;0;0;2;0,37;0;0;0;0;0;0;2;0,37;0;0;2;0,37;0;0;2;0,37
028.4;Stimmbezirk 028.4;843;467;55,4;460;7;463;4;132;28,7;136;29,37;168;36,52;136;29,37;27;5,87;31;6,7;28;6,09;29;6,26;33;7,17;40;8,64;62;13,48;70;15,12;0;0;6;1,3;0;0;0;0;8;1,74;5;1,08;0;0;1;0,22;0;0;1;0,22;0;0;0;0;2;0,43;0;0;0;0;2;0,43;0;0;1;0,22;0;0;0;0;0;0;0;0;0;0;0;0;0;0;1;0,22;0;0;1;0,22;0;0;1;0,22;0;0;2;0,43;0;0;0;0
028.5;Stimmbezirk 028.5;1055;559;52,99;552;7;553;6;159;28,8;151;27,31;172;31,16;104;18,81;51;9,24;64;11,57;46;8,33;64;11,57;59;10,69;72;13,02;54;9,78;62;11,21;0;0;6;1,08;0;0;0;0;9;1,63;11;1,99;0;0;4;0,72;0;0;0;0;0;0;3;0,54;2;0,36;1;0,18;0;0;0;0;0;0;5;0,9;0;0;1;0,18;0;0;1;0,18;0;0;1;0,18;0;0;0;0;0;0;0;0;0;0;0;0;0;0;3;0,54;0;0;0;0
028.6;Stimmbezirk 028.6;1284;719;56;712;7;713;6;238;33,43;227;31,84;199;27,95;149;20,9;76;10,67;73;10,24;48;6,74;67;9,4;73;10,25;95;13,32;73;10,25;80;11,22;0;0;6;0,84;0;0;1;0,14;4;0,56;3;0,42;0;0;1;0,14;0;0;1;0,14;0;0;1;0,14;1;0,14;0;0;0;0;0;0;0;0;0;0;0;0;1;0,14;0;0;3;0,42;0;0;0;0;0;0;0;0;0;0;1;0,14;0;0;0;0;0;0;4;0,56;0;0;0;0
028.7;Stimmbezirk 028.7;926;478;51,62;467;11;469;9;199;42,61;161;34,33;122;26,12;88;18,76;46;9,85;52;11,09;24;5,14;30;6,4;36;7,71;78;16,63;32;6,85;38;8,1;0;0;2;0,43;0;0;1;0,21;8;1,71;5;1,07;0;0;0;0;0;0;0;0;0;0;2;0,43;0;0;1;0,21;0;0;1;0,21;0;0;0;0;0;0;1;0,21;0;0;0;0;0;0;0;0;0;0;1;0,21;0;0;1;0,21;0;0;0;0;0;0;5;1,07;0;0;2;0,43
029.1;Stimmbezirk 029.1;1284;726;56,54;708;18;714;12;216;30,51;188;26,33;206;29,1;185;25,91;20;2,82;17;2,38;58;8,19;61;8,54;54;7,63;80;11,2;142;20,06;152;21,29;0;0;4;0,56;0;0;2;0,28;11;1,55;8;1,12;0;0;0;0;0;0;1;0,14;0;0;0;0;1;0,14;0;0;0;0;0;0;0;0;8;1,12;0;0;0;0;0;0;1;0,14;0;0;0;0;0;0;1;0,14;0;0;0;0;0;0;0;0;0;0;4;0,56;0;0;2;0,28
029.2;Stimmbezirk 029.2;1297;752;57,98;748;4;748;4;248;33,16;216;28,88;272;36,36;233;31,15;36;4,81;36;4,81;54;7,22;73;9,76;43;5,75;63;8,42;84;11,23;94;12,57;0;0;8;1,07;0;0;2;0,27;10;1,34;10;1,34;0;0;3;0,4;0;0;0;0;0;0;0;0;1;0,13;0;0;0;0;0;0;0;0;1;0,13;0;0;1;0,13;0;0;0;0;0;0;0;0;0;0;4;0,53;0;0;0;0;0;0;0;0;0;0;4;0,53;0;0;0;0
029.3;Stimmbezirk 029.3;1496;894;59,76;889;5;890;4;320;36;302;33,93;275;30,93;229;25,73;59;6,64;55;6,18;39;4,39;43;4,83;71;7,99;91;10,22;114;12,82;136;15,28;0;0;4;0,45;0;0;2;0,22;9;1,01;8;0,9;0;0;6;0,67;0;0;1;0,11;0;0;1;0,11;2;0,22;2;0,22;0;0;0;0;0;0;3;0,34;0;0;0;0;0;0;0;0;0;0;0;0;0;0;0;0;0;0;0;0;0;0;1;0,11;0;0;5;0,56;0;0;1;0,11
029.4;Stimmbezirk 029.4;1548;868;56,07;865;3;862;6;312;36,07;282;32,71;258;29,83;209;24,25;35;4,05;34;3,94;37;4,28;53;6,15;68;7,86;100;11,6;141;16,3;166;19,26;0;0;2;0,23;0;0;1;0,12;11;1,27;7;0,81;0;0;2;0,23;0;0;0;0;0;0;0;0;3;0,35;1;0,12;0;0;0;0;0;0;2;0,23;0;0;0;0;0;0;0;0;0;0;0;0;0;0;0;0;0;0;0;0;0;0;0;0;0;0;3;0,35;0;0;0;0
029.5;Stimmbezirk 029.5;1535;917;59,74;907;10;909;8;296;32,64;257;28,27;331;36,49;276;30,36;38;4,19;53;5,83;64;7,06;68;7,48;69;7,61;113;12,43;91;10,03;118;12,98;0;0;1;0,11;0;0;2;0,22;17;1,87;5;0,55;0;0;4;0,44;0;0;2;0,22;0;0;1;0,11;1;0,11;0;0;0;0;0;0;0;0;3;0,33;0;0;0;0;0;0;1;0,11;0;0;0;0;0;0;0;0;0;0;1;0,11;0;0;0;0;0;0;3;0,33;0;0;1;0,11
029.6;Stimmbezirk 029.6;785;475;60,51;466;9;468;7;140;30,04;124;26,5;175;37,55;128;27,35;27;5,79;39;8,33;25;5,36;31;6,62;37;7,94;61;13,03;57;12,23;64;13,68;0;0;1;0,21;0;0;3;0,64;5;1,07;4;0,85;0;0;1;0,21;0;0;0;0;0;0;1;0,21;0;0;1;0,21;0;0;0;0;0;0;0;0;0;0;0;0;0;0;0;0;0;0;0;0;0;0;5;1,07;0;0;0;0;0;0;0;0;0;0;5;1,07;0;0;0;0
030.1;Stimmbezirk 030.1;1172;588;50,17;569;19;579;9;150;26,36;141;24,35;185;32,51;158;27,29;19;3,34;20;3,45;54;9,49;65;11,23;35;6,15;42;7,25;106;18,63;102;17,62;0;0;5;0,86;0;0;3;0,52;19;3,34;6;1,04;0;0;2;0,35;0;0;1;0,17;0;0;0;0;1;0,18;1;0,17;0;0;0;0;0;0;19;3,28;0;0;0;0;0;0;2;0,35;0;0;0;0;0;0;2;0,35;0;0;0;0;0;0;0;0;0;0;10;1,73;0;0;0;0
030.2;Stimmbezirk 030.2;1370;632;46,13;621;11;620;12;167;26,89;155;25;250;40,26;209;33,71;31;4,99;39;6,29;38;6,12;56;9,03;40;6,44;46;7,42;82;13,2;86;13,87;0;0;2;0,32;0;0;4;0,65;9;1,45;2;0,32;0;0;3;0,48;0;0;0;0;0;0;0;0;4;0,64;2;0,32;0;0;0;0;0;0;11;1,77;0;0;0;0;0;0;0;0;0;0;0;0;0;0;2;0,32;0;0;0;0;0;0;0;0;0;0;3;0,48;0;0;0;0
030.3;Stimmbezirk 030.3;1134;582;51,32;571;11;571;11;153;26,8;140;24,52;188;32,92;153;26,8;37;6,48;29;5,08;50;8,76;66;11,56;46;8,06;64;11,21;89;15,59;91;15,94;0;0;5;0,88;0;0;1;0,18;7;1,23;6;1,05;0;0;1;0,18;0;0;1;0,18;0;0;0;0;1;0,18;2;0,35;0;0;0;0;0;0;7;1,23;0;0;0;0;0;0;1;0,18;0;0;0;0;0;0;3;0,53;0;0;0;0;0;0;0;0;0;0;1;0,18;0;0;0;0
030.4;Stimmbezirk 030.4;1468;729;49,66;716;13;719;10;215;30,03;210;29,21;264;36,87;228;31,71;32;4,47;30;4,17;59;8,24;70;9,74;34;4,75;42;5,84;98;13,69;100;13,91;0;0;4;0,56;0;0;2;0,28;14;1,96;9;1,25;0;0;0;0;0;0;1;0,14;0;0;2;0,28;0;0;0;0;0;0;0;0;0;0;12;1,67;0;0;1;0,14;0;0;2;0,28;0;0;0;0;0;0;2;0,28;0;0;0;0;0;0;2;0,28;0;0;2;0,28;0;0;0;0
030.5;Stimmbezirk 030.5;1279;706;55,2;697;9;699;7;222;31,85;206;29,47;220;31,56;204;29,18;23;3,3;27;3,86;68;9,76;60;8,58;52;7,46;65;9,3;98;14,06;105;15,02;0;0;2;0,29;0;0;6;0,86;14;2,01;5;0,72;0;0;3;0,43;0;0;1;0,14;0;0;0;0;0;0;0;0;0;0;0;0;0;0;11;1,57;0;0;1;0,14;0;0;0;0;0;0;1;0,14;0;0;0;0;0;0;0;0;0;0;2;0,29;0;0;0;0;0;0;0;0
030.6;Stimmbezirk 030.6;1426;737;51,68;718;19;725;12;195;27,16;191;26,34;274;38,16;239;32,97;34;4,74;42;5,79;52;7,24;69;9,52;52;7,24;51;7,03;95;13,23;102;14,07;0;0;6;0,83;0;0;1;0,14;14;1,95;9;1,24;0;0;0;0;0;0;0;0;0;0;0;0;2;0,28;1;0,14;0;0;1;0,14;0;0;6;0,83;0;0;1;0,14;0;0;1;0,14;0;0;0;0;0;0;1;0,14;0;0;1;0,14;0;0;1;0,14;0;0;0;0;0;0;2;0,28
031.1;Stimmbezirk 031.1;1542;924;59,92;903;21;905;19;329;36,43;291;32,15;259;28,68;216;23,87;43;4,76;50;5,52;64;7,09;62;6,85;55;6,09;84;9,28;137;15,17;158;17,46;0;0;4;0,44;0;0;2;0,22;15;1,66;9;0,99;0;0;2;0,22;0;0;2;0,22;0;0;0;0;1;0,11;1;0,11;0;0;0;0;0;0;11;1,22;0;0;1;0,11;0;0;0;0;0;0;0;0;0;0;4;0,44;0;0;0;0;0;0;0;0;0;0;8;0,88;0;0;0;0
031.2;Stimmbezirk 031.2;1379;727;52,72;708;19;713;14;233;32,91;205;28,75;245;34,6;209;29,31;21;2,97;27;3,79;68;9,6;65;9,12;41;5,79;71;9,96;90;12,71;95;13,32;0;0;3;0,42;0;0;4;0,56;9;1,27;4;0,56;0;0;3;0,42;0;0;1;0,14;0;0;0;0;1;0,14;1;0,14;0;0;0;0;0;0;19;2,66;0;0;1;0,14;0;0;0;0;0;0;0;0;0;0;0;0;0;0;0;0;0;0;1;0,14;0;0;3;0,42;0;0;1;0,14
031.3;Stimmbezirk 031.3;1457;753;51,68;733;20;732;21;237;32,33;221;30,19;223;30,42;211;28,83;28;3,82;27;3,69;57;7,78;50;6,83;42;5,73;52;7,1;136;18,55;143;19,54;0;0;7;0,96;0;0;1;0,14;9;1,23;3;0,41;0;0;1;0,14;0;0;0;0;0;0;0;0;1;0,14;1;0,14;0;0;0;0;0;0;7;0,96;0;0;0;0;0;0;0;0;0;0;0;0;0;0;1;0,14;0;0;0;0;0;0;0;0;0;0;5;0,68;0;0;2;0,27
031.4;Stimmbezirk 031.4;1513;681;45,01;672;9;674;7;198;29,46;180;26,71;221;32,89;175;25,96;80;11,9;88;13,06;71;10,57;72;10,68;34;5,06;58;8,61;63;9,38;70;10,39;0;0;7;1,04;0;0;2;0,3;4;0,6;3;0,45;0;0;4;0,59;0;0;2;0,3;0;0;0;0;1;0,15;0;0;0;0;0;0;0;0;1;0,15;0;0;0;0;0;0;1;0,15;0;0;0;0;0;0;5;0,74;0;0;1;0,15;0;0;2;0,3;0;0;3;0,45;0;0;0;0
031.5;Stimmbezirk 031.5;1239;757;61,1;746;11;747;10;304;40,75;269;36,01;193;25,87;162;21,69;35;4,69;45;6,02;36;4,83;36;4,82;61;8,18;88;11,78;111;14,88;124;16,6;0;0;2;0,27;0;0;3;0,4;5;0,67;4;0,54;0;0;3;0,4;0;0;2;0,27;0;0;0;0;1;0,13;0;0;0;0;0;0;0;0;2;0,27;0;0;1;0,13;0;0;0;0;0;0;0;0;0;0;2;0,27;0;0;1;0,13;0;0;0;0;0;0;3;0,4;0;0;0;0
032.1;Stimmbezirk 032.1;1312;701;53,43;680;21;678;23;258;37,94;210;30,97;234;34,41;201;29,65;53;7,79;53;7,82;27;3,97;37;5,46;47;6,91;97;14,31;56;8,24;70;10,32;0;0;2;0,29;0;0;0;0;5;0,74;3;0,44;0;0;0;0;0;0;0;0;0;0;1;0,15;0;0;0;0;0;0;0;0;0;0;1;0,15;0;0;0;0;0;0;0;0;0;0;0;0;0;0;0;0;0;0;1;0,15;0;0;1;0,15;0;0;1;0,15;0;0;0;0
032.2;Stimmbezirk 032.2;1569;835;53,22;826;9;830;5;311;37,65;267;32,17;200;24,21;150;18,07;64;7,75;81;9,76;58;7,02;54;6,51;106;12,83;163;19,64;81;9,81;85;10,24;0;0;3;0,36;0;0;2;0,24;5;0,61;5;0,6;0;0;5;0,6;0;0;2;0,24;0;0;1;0,12;1;0,12;0;0;0;0;1;0,12;0;0;1;0,12;0;0;0;0;0;0;0;0;0;0;0;0;0;0;1;0,12;0;0;2;0,24;0;0;0;0;0;0;7;0,84;0;0;0;0
032.3;Stimmbezirk 032.3;1356;750;55,31;740;10;740;10;254;34,32;251;33,92;231;31,22;176;23,78;64;8,65;59;7,97;59;7,97;67;9,05;55;7,43;86;11,62;61;8,24;68;9,19;0;0;3;0,41;0;0;3;0,41;16;2,16;8;1,08;0;0;4;0,54;0;0;0;0;0;0;4;0,54;0;0;0;0;0;0;0;0;0;0;3;0,41;0;0;0;0;0;0;1;0,14;0;0;0;0;0;0;0;0;0;0;0;0;0;0;1;0,14;0;0;6;0,81;0;0;0;0
032.4;Stimmbezirk 032.4;1494;819;54,82;809;10;810;9;253;31,27;232;28,64;277;34,24;216;26,67;51;6,3;65;8,02;56;6,92;71;8,77;57;7,05;87;10,74;111;13,72;111;13,7;0;0;2;0,25;0;0;1;0,12;4;0,49;6;0,74;0;0;2;0,25;0;0;1;0,12;0;0;0;0;0;0;0;0;0;0;1;0,12;0;0;4;0,49;0;0;2;0,25;0;0;0;0;0;0;0;0;0;0;2;0,25;0;0;0;0;0;0;0;0;0;0;6;0,74;0;0;1;0,12
032.5;Stimmbezirk 032.5;1068;642;60,11;637;5;639;3;222;34,85;188;29,42;227;35,64;171;26,76;50;7,85;76;11,89;33;5,18;45;7,04;47;7,38;80;12,52;48;7,54;60;9,39;0;0;4;0,63;0;0;1;0,16;10;1,57;2;0,31;0;0;1;0,16;0;0;0;0;0;0;1;0,16;0;0;0;0;0;0;0;0;0;0;8;1,25;0;0;0;0;0;0;0;0;0;0;0;0;0;0;0;0;0;0;0;0;0;0;1;0,16;0;0;1;0,16;0;0;0;0
032.6;Stimmbezirk 032.6;1041;633;60,81;626;7;627;6;180;28,75;157;25,04;241;38,5;183;29,19;44;7,03;61;9,73;51;8,15;59;9,41;42;6,71;78;12,44;59;9,42;68;10,85;0;0;2;0,32;0;0;2;0,32;9;1,44;5;0,8;0;0;1;0,16;0;0;0;0;0;0;0;0;0;0;0;0;0;0;0;0;0;0;4;0,64;0;0;0;0;0;0;0;0;0;0;0;0;0;0;0;0;0;0;0;0;0;0;1;0,16;0;0;6;0,96;0;0;0;0
033.1;Stimmbezirk 033.1;1331;726;54,55;716;10;721;5;206;28,77;209;28,99;261;36,45;217;30,1;64;8,94;74;10,26;56;7,82;68;9,43;39;5,45;46;6,38;78;10,89;78;10,82;0;0;2;0,28;0;0;1;0,14;11;1,54;6;0,83;0;0;0;0;0;0;0;0;0;0;0;0;1;0,14;0;0;0;0;0;0;0;0;10;1,39;0;0;1;0,14;0;0;2;0,28;0;0;0;0;0;0;1;0,14;0;0;0;0;0;0;1;0,14;0;0;3;0,42;0;0;2;0,28
033.2;Stimmbezirk 033.2;1498;799;53,34;780;19;784;15;233;29,87;220;28,06;257;32,95;198;25,26;60;7,69;70;8,93;62;7,95;85;10,84;64;8,21;76;9,69;83;10,64;91;11,61;0;0;4;0,51;0;0;2;0,26;20;2,56;5;0,64;0;0;0;0;0;0;1;0,13;0;0;0;0;1;0,13;0;0;0;0;0;0;0;0;20;2,55;0;0;1;0,13;0;0;1;0,13;0;0;0;0;0;0;2;0,26;0;0;0;0;0;0;0;0;0;0;8;1,02;0;0;0;0
033.3;Stimmbezirk 033.3;1325;764;57,66;753;11;762;2;255;33,86;220;28,87;258;34,26;197;25,85;61;8,1;80;10,5;40;5,31;54;7,09;60;7,97;92;12,07;61;8,1;68;8,92;0;0;4;0,52;0;0;4;0,52;16;2,12;7;0,92;0;0;4;0,52;0;0;1;0,13;0;0;1;0,13;2;0,27;1;0,13;0;0;0;0;0;0;14;1,84;0;0;2;0,26;0;0;1;0,13;0;0;0;0;0;0;2;0,26;0;0;1;0,13;0;0;3;0,39;0;0;4;0,52;0;0;2;0,26
033.4;Stimmbezirk 033.4;1131;686;60,65;672;14;678;8;211;31,4;186;27,43;235;34,97;204;30,09;32;4,76;39;5,75;46;6,85;50;7,37;36;5,36;58;8,55;101;15,03;108;15,93;0;0;10;1,47;0;0;0;0;10;1,49;3;0,44;0;0;0;0;0;0;0;0;0;0;0;0;1;0,15;0;0;0;0;0;0;0;0;10;1,47;0;0;0;0;0;0;2;0,29;0;0;0;0;0;0;1;0,15;0;0;0;0;0;0;1;0,15;0;0;5;0,74;0;0;1;0,15
033.5;Stimmbezirk 033.5;945;480;50,79;469;11;473;7;139;29,64;119;25,16;156;33,26;117;24,74;23;4,9;29;6,13;50;10,66;53;11,21;32;6,82;48;10,15;59;12,58;65;13,74;0;0;6;1,27;0;0;0;0;9;1,92;3;0,63;0;0;0;0;0;0;0;0;0;0;1;0,21;1;0,21;1;0,21;0;0;0;0;0;0;23;4,86;0;0;1;0,21;0;0;0;0;0;0;0;0;0;0;0;0;0;0;0;0;0;0;2;0,42;0;0;5;1,06;0;0;0;0
033.6;Stimmbezirk 033.6;940;467;49,68;458;9;463;4;151;32,97;140;30,24;139;30,35;102;22,03;34;7,42;45;9,72;38;8,3;44;9,5;37;8,08;46;9,94;47;10,26;55;11,88;0;0;5;1,08;0;0;3;0,65;12;2,62;5;1,08;0;0;2;0,43;0;0;1;0,22;0;0;0;0;0;0;0;0;0;0;0;0;0;0;4;0,86;0;0;0;0;0;0;0;0;0;0;1;0,22;0;0;2;0,43;0;0;0;0;0;0;1;0,22;0;0;6;1,3;0;0;1;0,22
001.9;Briefwahlbezirk 001.9;0;2284;0;2271;13;2274;10;681;29,99;630;27,7;601;26,46;417;18,34;362;15,94;389;17,11;280;12,33;337;14,82;225;9,91;332;14,6;53;2,33;69;3,03;0;0;11;0,48;0;0;0;0;65;2,86;44;1,93;0;0;0;0;0;0;1;0,04;0;0;4;0,18;4;0,18;3;0,13;0;0;0;0;0;0;3;0,13;0;0;5;0,22;0;0;5;0,22;0;0;1;0,04;0;0;2;0,09;0;0;5;0,22;0;0;4;0,18;0;0;8;0,35;0;0;4;0,18
002.9;Briefwahlbezirk 002.9;0;2232;0;2218;14;2221;11;710;32,01;610;27,47;620;27,95;439;19,77;309;13,93;372;16,75;214;9,65;272;12,25;222;10,01;347;15,62;81;3,65;98;4,41;0;0;5;0,23;0;0;1;0,05;60;2,71;33;1,49;0;0;6;0,27;0;0;1;0,05;0;0;1;0,05;2;0,09;1;0,05;0;0;0;0;0;0;4;0,18;0;0;4;0,18;0;0;5;0,23;0;0;0;0;0;0;3;0,14;0;0;2;0,09;0;0;0;0;0;0;15;0,68;0;0;2;0,09
003.9;Briefwahlbezirk 003.9;0;1698;0;1687;11;1692;6;432;25,61;417;24,65;536;31,77;415;24,53;260;15,41;246;14,54;217;12,86;262;15,48;118;6,99;187;11,05;83;4,92;96;5,67;0;0;14;0,83;0;0;3;0,18;40;2,37;21;1,24;0;0;4;0,24;0;0;1;0,06;0;0;2;0,12;1;0,06;0;0;0;0;0;0;0;0;1;0,06;0;0;1;0,06;0;0;5;0,3;0;0;3;0,18;0;0;1;0,06;0;0;1;0,06;0;0;2;0,12;0;0;7;0,41;0;0;3;0,18
004.9;Briefwahlbezirk 004.9;0;1429;0;1415;14;1420;9;379;26,78;342;24,08;418;29,54;307;21,62;207;14,63;237;16,69;177;12,51;226;15,92;121;8,55;174;12,25;50;3,53;52;3,66;0;0;14;0,99;0;0;1;0,07;60;4,24;27;1,9;0;0;6;0,42;0;0;0;0;0;0;1;0,07;3;0,21;2;0,14;0;0;0;0;0;0;6;0,42;0;0;6;0,42;0;0;1;0,07;0;0;2;0,14;0;0;0;0;0;0;0;0;0;0;1;0,07;0;0;9;0,63;0;0;6;0,42
005.9;Briefwahlbezirk 005.9;0;1169;0;1167;2;1168;1;332;28,45;326;27,91;398;34,1;320;27,4;104;8,91;95;8,13;95;8,14;124;10,62;112;9,6;148;12,67;90;7,71;99;8,48;0;0;9;0,77;0;0;2;0,17;36;3,08;11;0,94;0;0;4;0,34;0;0;0;0;0;0;1;0,09;0;0;0;0;0;0;1;0,09;0;0;2;0,17;0;0;5;0,43;0;0;3;0,26;0;0;0;0;0;0;4;0,34;0;0;1;0,09;0;0;2;0,17;0;0;11;0,94;0;0;0;0
006.9;Briefwahlbezirk 006.9;0;1023;0;1017;6;1018;5;261;25,66;251;24,66;343;33,73;293;28,78;105;10,32;97;9,53;120;11,8;146;14,34;94;9,24;118;11,59;63;6,19;63;6,19;0;0;6;0,59;0;0;3;0,29;26;2,56;17;1,67;0;0;0;0;0;0;0;0;0;0;1;0,1;5;0,49;2;0,2;0;0;1;0,1;0;0;4;0,39;0;0;4;0,39;0;0;3;0,29;0;0;1;0,1;0;0;1;0,1;0;0;1;0,1;0;0;2;0,2;0;0;3;0,29;0;0;1;0,1
007.9;Briefwahlbezirk 007.9;0;1648;0;1641;7;1646;2;381;23,22;381;23,15;559;34,06;427;25,94;263;16,03;264;16,04;209;12,74;264;16,04;116;7,07;157;9,54;58;3,53;66;4,01;0;0;5;0,3;0;0;2;0,12;51;3,11;34;2,07;0;0;5;0,3;0;0;1;0,06;0;0;7;0,43;4;0,24;2;0,12;0;0;0;0;0;0;0;0;0;0;6;0,36;0;0;9;0,55;0;0;0;0;0;0;0;0;0;0;3;0,18;0;0;1;0,06;0;0;9;0,55;0;0;3;0,18
008.9;Briefwahlbezirk 008.9;0;2207;0;2201;6;2201;6;645;29,3;561;25,49;599;27,21;396;17,99;423;19,22;453;20,58;208;9,45;311;14,13;202;9,18;331;15,04;51;2,32;61;2,77;0;0;6;0,27;0;0;1;0,05;71;3,23;50;2,27;0;0;2;0,09;0;0;0;0;0;0;3;0,14;2;0,09;1;0,05;0;0;0;0;0;0;3;0,14;0;0;2;0,09;0;0;5;0,23;0;0;1;0,05;0;0;3;0,14;0;0;2;0,09;0;0;1;0,05;0;0;5;0,23;0;0;3;0,14
009.9;Briefwahlbezirk 009.9;0;2174;0;2161;13;2167;7;660;30,54;624;28,8;672;31,1;478;22,06;336;15,55;373;17,21;202;9,35;262;12,09;156;7,22;249;11,49;85;3,93;106;4,89;0;0;12;0,55;0;0;0;0;47;2,17;39;1,8;0;0;3;0,14;0;0;0;0;0;0;1;0,05;3;0,14;0;0;0;0;0;0;0;0;2;0,09;0;0;0;0;0;0;5;0,23;0;0;0;0;0;0;0;0;0;0;1;0,05;0;0;0;0;0;0;10;0,46;0;0;2;0,09
010.9;Briefwahlbezirk 010.9;0;1998;0;1992;6;1994;4;601;30,17;581;29,14;655;32,88;510;25,58;286;14,36;289;14,49;173;8,68;238;11,94;134;6,73;197;9,88;87;4,37;89;4,46;0;0;6;0,3;0;0;2;0,1;54;2,71;38;1,91;0;0;4;0,2;0;0;1;0,05;0;0;4;0,2;2;0,1;0;0;0;0;0;0;0;0;0;0;0;0;3;0,15;0;0;3;0,15;0;0;0;0;0;0;8;0,4;0;0;0;0;0;0;1;0,05;0;0;14;0,7;0;0;6;0,3
011.9;Briefwahlbezirk 011.9;0;1896;0;1884;12;1889;7;581;30,84;554;29,33;651;34,55;508;26,89;201;10,67;229;12,12;156;8,28;201;10,64;167;8,86;221;11,7;94;4,99;113;5,98;0;0;9;0,48;0;0;0;0;33;1,75;22;1,16;0;0;3;0,16;0;0;1;0,05;0;0;0;0;1;0,05;0;0;0;0;0;0;0;0;3;0,16;0;0;4;0,21;0;0;2;0,11;0;0;1;0,05;0;0;3;0,16;0;0;1;0,05;0;0;3;0,16;0;0;10;0,53;0;0;1;0,05
012.9;Briefwahlbezirk 012.9;0;1753;0;1746;7;1748;5;664;38,03;595;34,04;524;30,01;434;24,83;175;10,02;202;11,56;131;7,5;146;8,35;148;8,48;245;14,02;77;4,41;80;4,58;0;0;2;0,11;0;0;4;0,23;25;1,43;11;0,63;0;0;3;0,17;0;0;3;0,17;0;0;2;0,11;2;0,11;1;0,06;0;0;0;0;0;0;3;0,17;0;0;0;0;0;0;3;0,17;0;0;2;0,11;0;0;0;0;0;0;2;0,11;0;0;0;0;0;0;9;0,51;0;0;1;0,06
013.9;Briefwahlbezirk 013.9;0;1979;0;1972;7;1973;6;660;33,47;593;30,06;562;28,5;425;21,54;312;15,82;318;16,12;169;8,57;213;10,8;161;8,16;268;13,58;77;3,9;88;4,46;0;0;4;0,2;0;0;1;0,05;27;1,37;29;1,47;0;0;4;0,2;0;0;2;0,1;0;0;1;0,05;4;0,2;2;0,1;0;0;0;0;0;0;1;0,05;0;0;5;0,25;0;0;4;0,2;0;0;0;0;0;0;1;0,05;0;0;0;0;0;0;1;0,05;0;0;11;0,56;0;0;2;0,1
014.9;Briefwahlbezirk 014.9;0;1320;0;1311;9;1312;8;464;35,39;421;32,09;435;33,18;383;29,19;88;6,71;89;6,78;69;5,26;82;6,25;134;10,22;172;13,11;93;7,09;110;8,38;0;0;4;0,3;0;0;1;0,08;27;2,06;16;1,22;0;0;3;0,23;0;0;2;0,15;0;0;2;0,15;1;0,08;0;0;0;0;0;0;0;0;6;0,46;0;0;0;0;0;0;1;0,08;0;0;0;0;0;0;0;0;0;0;1;0,08;0;0;2;0,15;0;0;15;1,14;0;0;2;0,15
015.9;Briefwahlbezirk 015.9;0;1326;0;1314;12;1320;6;494;37,6;413;31,29;397;30,21;350;26,52;126;9,59;126;9,55;74;5,63;96;7,27;119;9,06;197;14,92;80;6,09;89;6,74;0;0;6;0,45;0;0;1;0,08;21;1,6;17;1,29;0;0;0;0;0;0;1;0,08;0;0;3;0,23;3;0,23;1;0,08;0;0;0;0;0;0;11;0,83;0;0;1;0,08;0;0;0;0;0;0;0;0;0;0;1;0,08;0;0;1;0,08;0;0;0;0;0;0;4;0,3;0;0;2;0,15
016.9;Briefwahlbezirk 016.9;0;1202;0;1195;7;1199;3;444;37,15;408;34,03;389;32,55;341;28,44;94;7,87;84;7,01;59;4,94;67;5,59;100;8,37;147;12,26;91;7,62;96;8,01;0;0;4;0,33;0;0;2;0,17;17;1,42;10;0,83;0;0;4;0,33;0;0;0;0;0;0;1;0,08;1;0,08;0;0;0;0;0;0;0;0;8;0,67;0;0;2;0,17;0;0;2;0,17;0;0;2;0,17;0;0;2;0,17;0;0;0;0;0;0;5;0,42;0;0;10;0,83;0;0;4;0,33
017.9;Briefwahlbezirk 017.9;0;1551;0;1541;10;1544;7;529;34,33;494;31,99;465;30,18;395;25,58;191;12,39;173;11,2;100;6,49;119;7,71;143;9,28;214;13,86;85;5,52;88;5,7;0;0;3;0,19;0;0;2;0,13;24;1,56;18;1,17;0;0;3;0,19;0;0;3;0,19;0;0;1;0,06;4;0,26;3;0,19;0;0;2;0,13;0;0;0;0;0;0;4;0,26;0;0;7;0,45;0;0;0;0;0;0;2;0,13;0;0;0;0;0;0;0;0;0;0;10;0,65;0;0;3;0,19
018.9;Briefwahlbezirk 018.9;0;2276;0;2270;6;2274;2;971;42,78;815;35,84;531;23,39;384;16,89;219;9,65;249;10,95;158;6,96;209;9,19;234;10,31;430;18,91;127;5,59;141;6,2;0;0;12;0,53;0;0;0;0;28;1,23;7;0,31;0;0;1;0,04;0;0;0;0;0;0;2;0,09;2;0,09;0;0;0;0;1;0,04;0;0;1;0,04;0;0;3;0,13;0;0;6;0,26;0;0;0;0;0;0;8;0,35;0;0;2;0,09;0;0;1;0,04;0;0;1;0,04;0;0;1;0,04
019.9;Briefwahlbezirk 019.9;0;2189;0;2182;7;2184;5;752;34,46;693;31,73;648;29,7;509;23,31;268;12,28;282;12,91;197;9,03;222;10,16;183;8,39;298;13,64;97;4,45;111;5,08;0;0;8;0,37;0;0;3;0,14;34;1,56;29;1,33;0;0;2;0,09;0;0;0;0;0;0;1;0,05;3;0,14;0;0;0;0;0;0;0;0;0;0;0;0;2;0,09;0;0;1;0,05;0;0;0;0;0;0;1;0,05;0;0;1;0,05;0;0;1;0,05;0;0;14;0,64;0;0;6;0,27
020.9;Briefwahlbezirk 020.9;0;1898;0;1893;5;1895;3;765;40,41;701;36,99;594;31,38;496;26,17;153;8,08;148;7,81;93;4,91;118;6,23;165;8,72;272;14,35;110;5,81;121;6,39;0;0;4;0,21;0;0;1;0,05;12;0,63;11;0,58;0;0;6;0,32;0;0;1;0,05;0;0;1;0,05;1;0,05;1;0,05;0;0;0;0;0;0;1;0,05;0;0;0;0;0;0;3;0,16;0;0;0;0;0;0;0;0;0;0;0;0;0;0;2;0,11;0;0;7;0,37;0;0;1;0,05
021.9;Briefwahlbezirk 021.9;0;2089;0;2072;17;2082;7;787;37,98;712;34,2;619;29,87;491;23,58;214;10,33;209;10,04;112;5,41;145;6,96;215;10,38;348;16,71;95;4,58;108;5,19;0;0;9;0,43;0;0;1;0,05;30;1,45;19;0,91;0;0;2;0,1;0;0;0;0;0;0;4;0,19;0;0;0;0;0;0;0;0;0;0;5;0,24;0;0;7;0,34;0;0;1;0,05;0;0;0;0;0;0;2;0,1;0;0;1;0,05;0;0;3;0,14;0;0;13;0,62;0;0;2;0,1
022.9;Briefwahlbezirk 022.9;0;1400;0;1394;6;1396;4;570;40,89;520;37,25;435;31,21;373;26,72;83;5,95;83;5,95;89;6,38;100;7,16;108;7,75;166;11,89;96;6,89;108;7,74;0;0;4;0,29;0;0;1;0,07;13;0,93;8;0,57;0;0;6;0,43;0;0;2;0,14;0;0;2;0,14;0;0;0;0;0;0;0;0;0;0;1;0,07;0;0;4;0,29;0;0;1;0,07;0;0;0;0;0;0;3;0,21;0;0;0;0;0;0;0;0;0;0;14;1;0;0;0;0
023.9;Briefwahlbezirk 023.9;0;1142;0;1137;5;1139;3;468;41,16;437;38,37;316;27,79;281;24,67;60;5,28;50;4,39;71;6,24;82;7,2;95;8,36;137;12,03;108;9,5;114;10,01;0;0;2;0,18;0;0;2;0,18;17;1,5;11;0,97;0;0;3;0,26;0;0;4;0,35;0;0;0;0;2;0,18;1;0,09;0;0;0;0;0;0;4;0,35;0;0;1;0,09;0;0;1;0,09;0;0;0;0;0;0;1;0,09;0;0;0;0;0;0;0;0;0;0;8;0,7;0;0;0;0
024.9;Briefwahlbezirk 024.9;0;668;0;661;7;664;4;192;29,05;182;27,41;240;36,31;202;30,42;35;5,3;38;5,72;67;10,14;70;10,54;46;6,96;76;11,45;76;11,5;78;11,75;0;0;0;0;0;0;0;0;5;0,76;7;1,05;0;0;1;0,15;0;0;0;0;0;0;0;0;0;0;0;0;0;0;0;0;0;0;6;0,9;0;0;0;0;0;0;0;0;0;0;0;0;0;0;0;0;0;0;0;0;0;0;1;0,15;0;0;3;0,45;0;0;0;0
025.9;Briefwahlbezirk 025.9;0;1331;0;1312;19;1320;11;567;43,22;536;40,61;357;27,21;284;21,52;75;5,72;89;6,74;78;5,95;86;6,52;132;10,06;190;14,39;85;6,48;89;6,74;0;0;5;0,38;0;0;2;0,15;17;1,3;10;0,76;0;0;4;0,3;0;0;1;0,08;0;0;1;0,08;1;0,08;0;0;0;0;0;0;0;0;2;0,15;0;0;4;0,3;0;0;1;0,08;0;0;0;0;0;0;3;0,23;0;0;0;0;0;0;2;0,15;0;0;9;0,68;0;0;2;0,15
026.9;Briefwahlbezirk 026.9;0;1343;0;1337;6;1338;5;525;39,27;486;36,32;427;31,94;360;26,91;83;6,21;86;6,43;69;5,16;88;6,58;109;8,15;154;11,51;90;6,73;100;7,47;0;0;15;1,12;0;0;3;0,22;34;2,54;18;1,35;0;0;1;0,07;0;0;3;0,22;0;0;2;0,15;0;0;0;0;0;0;0;0;0;0;1;0,07;0;0;2;0,15;0;0;3;0,22;0;0;0;0;0;0;2;0,15;0;0;1;0,07;0;0;3;0,22;0;0;8;0,6;0;0;2;0,15
027.9;Briefwahlbezirk 027.9;0;1283;0;1279;4;1280;3;465;36,36;430;33,59;399;31,2;343;26,8;95;7,43;96;7,5;80;6,25;81;6,33;112;8,76;153;11,95;99;7,74;111;8,67;0;0;4;0,31;0;0;3;0,23;29;2,27;13;1,02;0;0;6;0,47;0;0;3;0,23;0;0;5;0,39;0;0;0;0;0;0;1;0,08;0;0;6;0,47;0;0;4;0,31;0;0;3;0,23;0;0;0;0;0;0;1;0,08;0;0;1;0,08;0;0;2;0,16;0;0;12;0,94;0;0;2;0,16
028.9;Briefwahlbezirk 028.9;0;1422;0;1416;6;1418;4;538;37,99;484;34,13;370;26,13;307;21,65;106;7,49;115;8,11;107;7,56;120;8,46;174;12,29;226;15,94;93;6,57;115;8,11;0;0;5;0,35;0;0;1;0,07;23;1,62;15;1,06;0;0;7;0,49;0;0;5;0,35;0;0;1;0,07;5;0,35;0;0;0;0;0;0;0;0;0;0;0;0;4;0,28;0;0;5;0,35;0;0;0;0;0;0;2;0,14;0;0;1;0,07;0;0;0;0;0;0;5;0,35;0;0;0;0
029.9;Briefwahlbezirk 029.9;0;1589;0;1582;7;1586;3;587;37,1;544;34,3;504;31,86;432;27,24;128;8,09;137;8,64;70;4,42;77;4,85;134;8,47;198;12,48;139;8,79;155;9,77;0;0;5;0,32;0;0;3;0,19;20;1,26;12;0,76;0;0;6;0,38;0;0;0;0;0;0;5;0,32;0;0;0;0;0;0;0;0;0;0;0;0;0;0;0;0;0;0;1;0,06;0;0;0;0;0;0;0;0;0;0;0;0;0;0;0;0;0;0;10;0,63;0;0;1;0,06
030.9;Briefwahlbezirk 030.9;0;1306;0;1296;10;1299;7;511;39,43;464;35,72;401;30,94;360;27,71;81;6,25;92;7,08;78;6,02;97;7,47;105;8,1;139;10,7;100;7,72;107;8,24;0;0;7;0,54;0;0;2;0,15;18;1,39;7;0,54;0;0;2;0,15;0;0;0;0;0;0;1;0,08;2;0,15;1;0,08;0;0;0;0;0;0;2;0,15;0;0;3;0,23;0;0;3;0,23;0;0;0;0;0;0;2;0,15;0;0;0;0;0;0;0;0;0;0;9;0,69;0;0;1;0,08
031.9;Briefwahlbezirk 031.9;0;957;0;950;7;952;5;370;38,95;335;35,19;274;28,84;239;25,11;83;8,74;79;8,3;69;7,26;73;7,67;68;7,16;118;12,39;65;6,84;64;6,72;0;0;4;0,42;0;0;6;0,63;19;2;10;1,05;0;0;0;0;0;0;2;0,21;0;0;3;0,32;2;0,21;1;0,11;0;0;2;0,21;0;0;3;0,32;0;0;0;0;0;0;1;0,11;0;0;1;0,11;0;0;3;0,32;0;0;0;0;0;0;0;0;0;0;5;0,53;0;0;3;0,32
032.9;Briefwahlbezirk 032.9;0;1845;0;1838;7;1840;5;780;42,44;668;36,3;522;28,4;418;22,72;141;7,67;157;8,53;91;4,95;104;5,65;177;9,63;315;17,12;103;5,6;120;6,52;0;0;9;0,49;0;0;1;0,05;24;1,31;12;0,65;0;0;4;0,22;0;0;5;0,27;0;0;1;0,05;0;0;0;0;0;0;0;0;0;0;0;0;0;0;3;0,16;0;0;2;0,11;0;0;0;0;0;0;1;0,05;0;0;2;0,11;0;0;2;0,11;0;0;11;0,6;0;0;5;0,27
033.9;Briefwahlbezirk 033.9;0;1177;0;1171;6;1173;4;432;36,89;415;35,38;370;31,6;302;25,75;86;7,34;92;7,84;76;6,49;88;7,5;97;8,28;133;11,34;90;7,69;94;8,01;0;0;8;0,68;0;0;5;0,43;19;1,62;17;1,45;0;0;2;0,17;0;0;1;0,09;0;0;0;0;1;0,09;1;0,09;0;0;0;0;0;0;0;0;0;0;0;0;0;0;2;0,17;0;0;0;0;0;0;3;0,26;0;0;0;0;0;0;2;0,17;0;0;5;0,43;0;0;3;0,26
